Animals,Baby Penguin,893dcc23ce3cba5154f67d3e37599e1d4c4f9b73c8cc00bf6a53bbf62db89b4b,,,,,,,,,,,,,,,,
Animals,Baby Pig,eaf8b5abd25c2092ac09692b1325df9b6c907cd5bd54587e8aa3a8153cfed,,,,,,,,,,,,,,,,
Animals,Bee,6c72dac09d255b802df5a53279c0837639be6d0d0648a539eead30f5fd351b7d,,,,,,,,,,,,,,,,
Animals,Bird,b9627370fedbd0bae7bae6d6f8583555763789c1bd93fa639cfa3dfd48e34850,,,,,,,,,,,,,,,,
Animals,Blobfish,7a0637778bdca1824ff2750603aef62e9c931088f4c7a51c0902edd596a746de,,,,,,,,,,,,,,,,
Animals,Blue Parrot,3ba99328dccdaea8fae3efdbfd1c00d904780ca5790c5dd398a3dd4d19c9d8e8,,,,,,,,,,,,,,,,
Animals,Brown Bear,a100e177e2624ba949588eff81389332eec1d39085aa11c05b3f41c702416e89,,,,,,,,,,,,,,,,
Animals,Cheetah,1553f8856dd46de7e05d46f5fc2fb58eafba6829b11b160a1545622e89caaa33,,,,,,,,,,,,,,,,
Animals,Chicken,277695e697a2247377349fe8271d8e6b888aef354f8cc751f739c6b4c7f492d3,,,,,,,,,,,,,,,,
Animals,Clam,b59c0e9d83dbf04fbdaa7eb2bde8e9fc67994f83420301e582248680fa819f61,,,,,,,,,,,,,,,,
Animals,Clownfish,12510b301b088638ec5c8747e2d754418cb747a5ce7022c9c712ecbdc5f6f065,,,,,,,,,,,,,,,,
Animals,Cow,f660e91e1f5fc510b5f86520a5516a921f37657f965fdbb233dad8474029a96f,,,,,,,,,,,,,,,,
Animals,Dog,51789a497d7ff2ffc5efaa27f53fa2143e8c8ba394abfa4373928155e64d46cb,,,,,,,,,,,,,,,,
Animals,Eagle,76e64dd01ddee6cc1c72027f76115734e6203e396817d15948bce1f9fafb4d7,,,,,,,,,,,,,,,,
Animals,Ender Guardian,4340a268f25fd5cc276ca147a8446b2630a55867a2349f7ca107c26eb58991,,,,,,,,,,,,,,,,
Animals,Elephant,771e82965d33213ef26f6b89722edee4346c354c08e34ecfcfd6ddd361a9e7e,,,,,,,,,,,,,,,,
Animals,Fish,40cd71fbbbbb66c7baf7881f415c64fa84f6504958a57ccdb8589252647ea,,,,,,,,,,,,,,,,
Animals,Fox,d8954a42e69e0881ae6d24d4281459c144a0d5a968aed35d6d3d73a3c65d26a,,,,,,,,,,,,,,,,
Animals,Frog,bf54d65db4515b2781442f914fd22e4a89fac8ebd60f4262a6a0e223dfb20ecd,,,,,,,,,,,,,,,,
Animals,Goat,3a4986fdf04cc86d8aff2037a6b4df573cdc1e708d05790c76728faef796f33a,,,,,,,,,,,,,,,,
Animals,Green Bird,f794e546010da7453220c6625ccf58c88b0e9550e3deb543b345e5169ed1c5f,,,,,,,,,,,,,,,,
Animals,Grey Penguin,7b69938e57f4ee6f1b44af18ea242a4352576e9988e728014f95b4862daa8,,,,,,,,,,,,,,,,
Animals,Hippo,bb28df415a711895f995fc04ed4390802e7de0cee5a06a83db3c67d8b173c73f,,,,,,,,,,,,,,,,
Animals,Horse,450f992599a55a8311373a5412716bb7f91cf39afadea2517f415d72879a2,,,,,,,,,,,,,,,,
Animals,Koala,ca35eb10b94e888427fb23c783082658ceb81f3cf5d0aad25d7d41a194b26,,,,,,,,,,,,,,,,
Animals,Lion,38ff473bd52b4db2c06f1ac87fe1367bce7574fac330ffac7956229f82efba1,,,,,,,,,,,,,,,,
Animals,Llama,818cd457fbaf327fa39f10b5b36166fd018264036865164c02d9e5ff53f45,,,,,,,,,,,,,,,,
Animals,Monkey,7c32d9377dea19ed83982c9a7301c12c421663ac108a57f4ed03459cb6884a3c,,,,,,,,,,,,,,,,
Animals,Owl,d8bd304d884fa1a477c27a0acaf72d4717c4a97399b2793ed8476f0e83571bfd,,,,,,,,,,,,,,,,
Animals,Panda,dca096eea506301bea6d4b17ee1605625a6f5082c71f74a639cc940439f47166,,,,,,,,,,,,,,,,
Animals,Penguin,4c77d8e61e8e594e63e9c5d9c6446e3467db463d853ba9eb3134b9d29292c,,,,,,,,,,,,,,,,
Animals,Pig,42e0bb88d8bd55d1f946461b3ee6c22f353ba74847ed2412856bb85cf9f63,,,,,,,,,,,,,,,,
Animals,Polar Bear,26d0aed35062021d1b4272e233d8d2059203884fb08574b84d6eb111eaaa7c22,,,,,,,,,,,,,,,,
Animals,Rabbit,420bab855b3d75df5508c47d273bf310ec02d5c6d7ca805e9500d80338776f4b,,,,,,,,,,,,,,,,
Animals,Rat,d66bcec8c22e0c8b3bd1c926d5aeef3a1d1736ea137ac19e4a05e46bee769904,,,,,,,,,,,,,,,,
Animals,Red Fox,7f88bda8aa0f94344929710bd7e7d668ade320bbdfb3526d0c19a6ef519702c9,,,,,,,,,,,,,,,,
Animals,Red Parrot,90f9a266d2be6d835dcac53a61d1123590591e6d81da4c7610ab11561d43ad9,,,,,,,,,,,,,,,,
Animals,Shark,31636ae6e558cf835e7a43bcfd0bd4a277d56d66a5f4c8bcc0a03ed6632510,,,,,,,,,,,,,,,,
Animals,Snail,15e2e59ba678ade0a80b1d42a212b7cf4ec963b494f8eaeab9f643e2caaa91,,,,,,,,,,,,,,,,
Animals,Squirrel,1ef6ed766368a9e07b3b316a89efcb93718c866fa92b9aaaa4eb68dfe476b1d5,,,,,,,,,,,,,,,,
Animals,Tiger,fc42638744922b5fcf62cd9bf27eeab91b2e72d6c70e86cc5aa3883993e9d84,,,,,,,,,,,,,,,,
Animals,Turtle,212b58c841b394863dbcc54de1c2ad2648af8f03e648988c1f9cef0bc20ee23c,,,,,,,,,,,,,,,,
Animals,Wasp,e74a3532438f7466a602841bf518719cab2e4ceb98892f226029516a19d0dadd,,,,,,,,,,,,,,,,
Animals,Winnie The Pooh,137d5ebe700b288a5424f3b27710bfb634cd7ec06581ff4770824b0f3bd341a,,,,,,,,,,,,,,,,
Animals,Wolf,deb41e309d82952f5f4a908bf168e848c8176e5f0487e576bc3219ed0644e6e7,,,,,,,,,,,,,,,,
Blocks,Stone,154818233c811873e85f5a4ea4429b75f23b6ae0ea6f5fc0f7bb420d7c471,,,,,,,,,,,,,,,,
Blocks,Granite,a0285bea3c8a02db139fa8ec5cc588615a98550725f8e676c93fdbc33b6b,,,,,,,,,,,,,,,,
Blocks,Polished Granite,fdd3447800cb28d61c33e98c5f5f020a9aa66d99935944b60279873dd566edd0,,,,,,,,,,,,,,,,
Blocks,Diorite,a14c6e41a762d37863a9fff6888c738905b92cc6c3898892a38dfdfe2ac4bf,,,,,,,,,,,,,,,,
Blocks,Polished Diorite,50965b2e9297f1ad534d2f0e22ed918ca3207c4f0b9c44372e509353218d6b8e,,,,,,,,,,,,,,,,
Blocks,Andesite,adb7bf059a62d27b1e1e2f34394f3f38ed8cda45471f6f4d5b47c3912d181135,,,,,,,,,,,,,,,,
Blocks,Polished Andesite,cc58df2f005eda0ea185723f0d267a9144be3188beed83f84129572a7a463a39,,,,,,,,,,,,,,,,
Blocks,Deepslate,7fce554420cfa04f90e93472cb0c12754d154b8cde6ce0805045b2a7f6741442,,,,,,,,,,,,,,,,
Blocks,Cobbled Deepslate,ae4e1bbdd6e2574a214cd615be04146e2876c63825a67b9a0e807181c3e5cbab,,,,,,,,,,,,,,,,
Blocks,Polished Deepslate,ed2bfb42bc21a80a2bbf7974a60ad85d7158ededb1de365084e872ca925de21e,,,,,,,,,,,,,,,,
Blocks,Calcite,a4ad0ddd53fe2d3095be20855aaa553e9eeb0f980134cf5e0128dcf29037ff56,,,,,,,,,,,,,,,,
Blocks,Tuff,ff9bf5383fce543e4aa8835af8ecaed67029fd0aabb03ac0ff5a2edecee2ce4d,,,,,,,,,,,,,,,,
Blocks,Dripstone,4849f660d4f732cb32d93fa1149830c395b33dfb2d0b0670d3322d091e987015,,,,,,,,,,,,,,,,
Blocks,Grass,349c63bc508723328a19e597f40862d27ad5c1d545663ac24466582f568d9,,,,,,,,,,,,,,,,
Blocks,Dirt,1ab43b8c3d34f125e5a3f8b92cd43dfd14c62402c33298461d4d4d7ce2d3aea,,,,,,,,,,,,,,,,53398ab3cb696b34430be944b14afbd227fd87e99026bcfc8b7387a861bde
Blocks,Podzol,f707bc872e132d764bbee08cc084015529cae55fb9747471b9e593903ff9aee,,,,,,,,,,,,,,,,a3cb5464ab9b851b9d4ac8b8cdbb865e74c589b3485abece589d429d899aed
Blocks,Warped Nylium,6c7b800dd43f30bdc7b06f6b5516d30e6d97c039ca995d7d963de5b4977b6723,,,,,,,,,,,,,,,,
Blocks,Crimson Nylium,36b4f159a11514be03bbdf634a32bdd70836422fbaace2f30a466faf144bc33d,,,,,,,,,,,,,,,,
Blocks,Cobblestone,dc1754851e367e8beba2a6d8f7c2fede87ae793ac546b0f299d673215b293,,,,,,,,,,,,,,,,
Blocks,Oak Planks,10f96d9b72303f37279fa9c2cc23ee6f8db6823685b626b56ed53b674b6b0,,,,,,,,,,,,,,,,
Blocks,Spruce Planks,10eb1968ff2da6bca68f59b6111713e08d22499229e1086449cba50f7de64ae,,,,,,,,,,,,,,,,
Blocks,Birch Planks,24274acf94635a873df096882a2661dcd443282db08880c7655947c4cc65d,,,,,,,,,,,,,,,,
Blocks,Jungle Planks,fd9dd7e55ecb025f7f6caa799e4b0a0c5486097a577d63ff222bf338f5eb0,,,,,,,,,,,,,,,,
Blocks,Acacia Planks,629964de88bcab3f1b763552b79911ef24e75b3352f65dbda8f58f61d1ea7f,,,,,,,,,,,,,,,,
Blocks,Dark Oak Planks,4fd917fd593a7ac5bdfe1fc65d320df4611da431f3ea4f34c7a19020f512,,,,,,,,,,,,,,,,
Blocks,Warped Planks,1bfc7918247d4e5b56b05dba0958ddf462c5e35d2fdcb0836486fdc6e8104122,,,,,,,,,,,,,,,,
Blocks,Crimson Planks,a2cd69a3e42564c0da4c2297943be23aa9ce1c756d8ba9e6eedd8f523218fde4,,,,,,,,,,,,,,,,
Blocks,Bedrock,36d1fabdf3e342671bd9f95f687fe263f439ddc2f1c9ea8ff15b13f1e7e48b9,,,,,,,,,,,,,,,,
Blocks,Sand,53398ab3cb696b34430be944b14afbd227fd87e99026bcfc8b7387a861bde,,,,,,,,,,,,,,,,
Blocks,Red Sand,a3cb5464ab9b851b9d4ac8b8cdbb865e74c589b3485abece589d429d899aed,,,,,,,,,,,,,,,,
Blocks,Gravel,7788b61fcd46cad9235cc32ac57a54f708110329447bb24c0877886e3f4907f1,,,,,,,,,,,,,,,,
Blocks,Coal Ore,761c57974f102d3deb3c53d42fde909e9b39ccbc7f776e277575a02d51a1999e,,,,,,,,,,,,,,,,
Blocks,Iron Ore,101843ec43f088c963ffc3e2f71c66e3155943b177a1a35982b120f6f64822bc,,,,,,,,,,,,,,,,
Blocks,Copper Ore,5c9f89ee3717e469c0cd36c03c0fd69ecb3ba1d9ab52a2a01a118b8a1a75670b,,,,,,,,,,,,,,,,
Blocks,Gold Ore,73bc965d579c3c6039f0a17eb7c2e6faf538c7a5de8e60ec7a719360d0a857a9,,,,,,,,,,,,,,,,
Blocks,Redstone Ore,569a1f114151b4521373f34bc14c2963a5011cdc25a6554c48c708cd96ebfc,,,,,,,,,,,,,,,,
Blocks,Emerald Ore,4053851527c4c9ef30a61fb067ebce957c726e1687f8b530fb4a6beeba438bd,,,,,,,,,,,,,,,,
Blocks,Lapis Lazuli Ore,2654b6d949a46d86ec01548c892a568b8cdad4646cb2e296d0dd58af779471,,,,,,,,,,,,,,,,
Blocks,Diamond Ore,11ed9abf51fe4ea84cfcb27297f1bc54cd382edf85e7bd6e75ecca2b806611,,,,,,,,,,,,,,,,
Blocks,Nether Gold Ore,aca8c0fca9780899c73492a5d2de44fddf8d0fc9b762ffe45165947ddb7632bb,,,,,,,,,,,,,,,,
Blocks,Nether Quartz,62f80363244af1b4bcf7d1c2b5067772c0c27277266447eccd4af66cc4347398,,,,,,,,,,,,,,,,
Blocks,Ancient Debris,9fa2610545c5193b1776fae6f5d6f17579d6002aea032f9f52b54bd3bff59a51,,,,,,,,,,,,,,,,
Blocks,Coal Block,d7f5766d2928dc0df1b3404c3bd073c9476d26c80573b0332e7cce73df15482a,,,,,,,,,,,,,,,,
Blocks,Iron Block,126b772329cf32f8643c4928626b6a325233ff61aa9c7725873a4bd66db3d692,,,,,,,,,,,,,,,,
Blocks,Copper Block,40a6e6aa7ce99c81daf816d69638d52b2882a2558880222e9a466dcedc88015a,,,,,,,,,,,,,,,,
Blocks,Oxidised Copper Block,9a5b0c0e28a10157725ea00bdf00f176414d40a1812c60b90d3fe22cc32d0323,,,,,,,,,,,,,,,,
Blocks,Gold Block,54bf893fc6defad218f7836efefbe636f1c2cc1bb650c82fccd99f2c1ee6,,,,,,,,,,,,,,,,
Blocks,Redstone Block,bb78fa5defe72debcd9c76ab9f4e114250479bb9b44f42887bbf6f738612b,,,,,,,,,,,,,,,,
Blocks,Emerald Block,af121f7c1ab1567ff21983ff7a9e55c40c0b865f050d37e5d35defbaa,,,,,,,,,,,,,,,,
Blocks,Lapis Lazuli Block,9b309513610198ada7d3c96ec8f8eba1bb356629ac3d565563ee85d285afdf2b,,,,,,,,,,,,,,,,
Blocks,Diamond Block,9631597dce4e4051e8d5a543641966ab54fbf25a0ed6047f11e6140d88bf48f,,,,,,,,,,,,,,,,
Blocks,Netherite Block,27957f895d7bc53423a35aac59d584b41cc30e040269c955e451fe680a1cc049,,,,,,,,,,,,,,,,
Blocks,Amethyst Block,8b5e3dece425c8b4cd4691f76a218c8a0d0480ba802e61282d02d0d567ed8c3e,,,,,,,,,,,,,,,,
Blocks,Sponge,5bd0cf874896c49380302dbca05a653da29938ebcf4e5e04073f5c9962ad3e,,,,,,,,,,,,,,,,
Blocks,Wet Sponge,c28bdd34810f866527daaf283da71826a8378286b2a43a626615fa1b3639e,,,,,,,,,,,,,,,,
Blocks,Oak Log,22e4bb979efefd2ddb3f8b1545e59cd360492e12671ec371efc1f88af21ab83,,,,,,,,,,,,,,,,
Blocks,Spruce Log,966cbdef8efb914d43a213be66b5396f75e5c1b9124f76f67d7cd32525748,,,,,,,,,,,,,,,,
Blocks,Birch Log,a221f813dacee0fef8c59f76894dbb26415478d9ddfc44c2e708a6d3b7549b,,,,,,,,,,,,,,,,
Blocks,Jungle Log,1cefc19380683015e47c666e5926b15ee57ab33192f6a7e429244cdffcc262,,,,,,,,,,,,,,,,
Blocks,Acacia Log,96a3bba2b7a2b4fa46945b1471777abe4599695545229e782259aed41d6,,,,,,,,,,,,,,,,
Blocks,Dark Oak Log,cde9d4e4c343afdb3ed68038450fc6a67cd208b2efc99fb622c718d24aac,,,,,,,,,,,,,,,,
Blocks,Stripped Oak Bark,216cd4c7f975991ebaaefde323ba03a25c80171809404fa9b0cb402bc9e4cec0,,,,,,,,,,,,,,,,
Blocks,Stripped Spruce Bark,22c3dce3fcd5c27f630089535b1bc5dae379550b21452cffc2e466823ac55bd0,,,,,,,,,,,,,,,,
Blocks,Stripped Birch Bark,b0c30a07d608c46b38bfdaae8e3ef812dad1fb198ffcea403e0585b2c0c499b1,,,,,,,,,,,,,,,,
Blocks,Stripped Jungle Bark,e134b38ccb3ec17c5ff74e45ba0191ae06c670514ddf075165a9f5d507eb66d1,,,,,,,,,,,,,,,,
Blocks,Stripped Acacia Bark,4e1a7f4942d6844100e6658223490631344ed567cc2bb34e5812f9ffa3715295,,,,,,,,,,,,,,,,
Blocks,Stripped Dark Oak Bark,1406d8d20470818b19446b6cefe5ea29899817197c779e65bfdba88bf8e74a53,,,,,,,,,,,,,,,,
Blocks,Glass,d52efad1be84e0889bb2a581a5e665aa070622260fbf6c1eb8d931a1267a54ba,,,,,,,,,,,,,,,,
Blocks,White Glass,ee8cc9ad7a886ace4bf491052d08423602e57cd4092f5f35ec0caa85d9d24bd,,,,,,,,,,,,,,,,
Blocks,Orange Glass,b5d977596ee75c2ddaaf465620b632b008acc31ad3105d642eb6ecaa32cdba91,,,,,,,,,,,,,,,,
Blocks,Magenta Glass,702aacad37f67b99d9dad8889b39c29218d96fadc73d5452b5e81b80962943a2,,,,,,,,,,,,,,,,
Blocks,Light Blue Glass,ca6577c762f47674fdb73dc8b0598276ef796659082ea5a24aa6a17d86bc07f3,,,,,,,,,,,,,,,,
Blocks,Yellow Glass,7b7d996a9030c3a05169e5debf9abefdc2ca913bfe0e988cfb7f35b1d6005e2c,,,,,,,,,,,,,,,,
Blocks,Lime Glass,e3b228f70a35d0aa32350467d9e8c09aae9ae0ae0875fdc8c311a876be190717,,,,,,,,,,,,,,,,
Blocks,Pink Glass,d50d8ad696d8d4917682be8b5a858b41b408ea7bd48e8f1e37c225a1308bbc3d,,,,,,,,,,,,,,,,
Blocks,Grey Glass,a002f80a5649c9dbf8cb954bd6969da2a636cd7283593acbaad8740709ccd66,,,,,,,,,,,,,,,,
Blocks,Light Grey Glass,f2e74bb0d9b52adbcc73200d4940ea5b0edc3ca2aad209803830f19b413ee16f,,,,,,,,,,,,,,,,
Blocks,Cyan Glass,326081763e9073188908bc16e66a4ae8cecc981dc0e1afc99cd7adb2835176a6,,,,,,,,,,,,,,,,
Blocks,Purple Glass,cf0e4a6292bc5ee7642cae7376eeda446c04771e3906f8c0b58641cb31cf6373,,,,,,,,,,,,,,,,
Blocks,Blue Glass,dcb0ec2bd2b00b82a27aebcd015cbd4ce109ad6a376c26245612691bf20276b,,,,,,,,,,,,,,,,
Blocks,Brown Glass,772d37ac408e07d774139fd17aecaad5732e30657d120b46fe11d64b68edeb7b,,,,,,,,,,,,,,,,
Blocks,Green Glass,93a39985faad15cab9ca9097cedee3f61ff1f2e9bfb63115e908861f8990340,,,,,,,,,,,,,,,,
Blocks,Red Glass,6bd2f93476ab69faf5a519eb5832db841c85266e001de5b26e427f41d98e5c7e,,,,,,,,,,,,,,,,
Blocks,Black Glass,2b32ab7483ad1d6d1045c692df1928e2e553b975a0a0c5527fc73b1c0a7e50b4,,,,,,,,,,,,,,,,
Blocks,Sandstone,9acebddcee8688b8575d9cc85d2d832a64c2db3aa235bd7e76fd2e8e1d65e,,,,,,,,,,,,,,,,
Blocks,Cut Sandstone,38fffbb0b8fdec6f62b17c451ab214fb86e4e355b116be961a9ae93eb49a43,,,,,,,,,,,,,,,,
Blocks,Chiselled Sandstone,491e7f9033765cec968f272fc58b7344c434a1721f9537b25a6aff4c24576c5,,,,,,,,,,,,,,,,
Blocks,Red Sandstone,db31be197ac7d78b30c34dac2665dbf1a74f96a79e52cb8ed5088ad70ee9348,,,,,,,,,,,,,,,,
Blocks,Red Cut Sandstone,a2da7aa1ae6cc9d6c36c18a460d2398162edc2207fdfc9e28a7bf84d7441b8a2,,,,,,,,,,,,,,,,
Blocks,Red Chiselled Sandstone,19dd2812d6a3b56da40dcff6a12e476ad2c0a34dfe712686ecc3144b635f4ed4,,,,,,,,,,,,,,,,
Blocks,White Wool,d08df60c51074eef2544ff38cead9e16675ae4251916105180e1f8ce197ab3bc,,,,,,,,,,,,,,,,
Blocks,Orange Wool,adf2eb205a23c1196b3ecf21e68c076b696e76163ac8fc4fb9f5318c2a5e5b1a,,,,,,,,,,,,,,,,
Blocks,Purple Wool,89ec5a30222d0659b0dbee844b8f53eae62fe95b4a3448a9ef790a7aedb296d9,,,,,,,,,,,,,,,,
Blocks,Brown Wool,22cbd9f43619ab5cb1b11f91cb03e955c6fc6c458abf89ab61031346a090612e,,,,,,,,,,,,,,,,
Blocks,Green Wool,53581c2f9cf358d7edc78dd6fd4b6257501bc4e6455e33fa0caae207cf0321a2,,,,,,,,,,,,,,,,
Blocks,Red Wool,6953b12a0946b629b4c0889d41fd26ed26fb729d4d514b59727124c37bb70d8d,,,,,,,,,,,,,,,,
Blocks,Black Wool,cfa4dda6d19a1fe2d988d65dec53429505308166c9067b68a4770ca5c436cf94,,,,,,,,,,,,,,,,
Blocks,Magenta Wool,f97012ed6a92b05ea0f194950748544e075baa28781ca373d1b27e28c26953c,,,,,,,,,,,,,,,,
Blocks,Light Blue Wool,163e6646f1c0d41fd3bf5584a1ce044f5c46d598258db46216117859f57af197,,,,,,,,,,,,,,,,
Blocks,Yellow Wool,4d905269accab24b11924eba8bd92991b8d85ce4276027a1636c931b6d06c89e,,,,,,,,,,,,,,,,
Blocks,Lime Wool,77472d608821f45a8805376ec0c6ffcb78117829ea5f960041c2a09d10e04cb4,,,,,,,,,,,,,,,,
Blocks,Pink Wool,d0883650ea929db0eabdf5bc75599d8ef00d70340cd1ce5e04ad95ef8ed83b73,,,,,,,,,,,,,,,,
Blocks,Grey Wool,adf21f532122566af893da27880a1b6095c35712f29a378cfecc7fe2b1328ab4,,,,,,,,,,,,,,,,
Blocks,Light Grey Wool,55288ddc911a75f77c3a5d336365a8f8b139fa53930b4b6ee139875c80ce366c,,,,,,,,,,,,,,,,
Blocks,Cyan Wool,1fadf741ab76cd3620ad161300202d7b59a33051e5967e4b6194bac40bb280ff,,,,,,,,,,,,,,,,
Blocks,Bricks,de6440a8d5992c267d2a3363882964ac2ba522f2f9114a6f7d17b35722d2f5f8,,,,,,,,,,,,,,,,
Blocks,Bookshelf,adcff84b9abe234c08a24f998e179ca4d37de47c519d2eceae18f64ed5fd7,,,,,,,,,,,,,,,,
Blocks,Mossy Cobblestone,2050de572cf8bf1496b52785ad349d02acdda64479b1be75093e9a1f7928dd2,,,,,,,,,,,,,,,,
Blocks,Obsidian,7840b87d52271d2a755dedc82877e0ed3df67dcc42ea479ec146176b02779a5,,,,,,,,,,,,,,,,
Blocks,Purpur Block,708f3832bc15fac41522ce6ed1d88f9543dd571f934073874ef0cb9bfccea,,,,,,,,,,,,,,,,
Blocks,Ice,a2644071b6c7bbae7b5e45d9f82f96ffb5ee8e177a23b825a4465607f1c9c,,,,,,,,,,,,,,,,
Blocks,Snow,5dd6fe267a418dcc7f37a8f76855b5328b1303897b342a107cf162f14fe3d,,,,,,,,,,,,,,,,
Blocks,Clay,67826829eab5ad62f0c11d9faafdc9954364871160dd839e1ab5a3b213a33,,,,,,,,,,,,,,,,
Blocks,Pumpkin,73b172a979eff9bf5bfb80eb8515d93e4888cc41cd806473f2a9a0d8bd29e3,,,,,,,,,,,,,,,,
Blocks,Jack O' Lantern,68f2ffc6fb4e9959b9a7a317f51a6775a159ddc2241dbd6c774d3ac08b6,,,,,,,,,,,,,,,,
Blocks,Netherrack,a9b94e5ad93dc7adf590056d4a1e03409253dfecfc88e831541c8df54ff05ca6,,,,,,,,,,,,,,,,
Blocks,Soul Sand,f08d593766c55e42b4953a68bf6f34825531884081c150c166c8110279c9f2a5,,,,,,,,,,,,,,,,
Blocks,Basalt,377d65fcd6ced8065c6c1293da4a50425026f0a77a7f2a66c958d5aef1bb0979,,,,,,,,,,,,,,,,
Blocks,Polished Basalt,3b113a8cafc943d30aa39641d75fc2bad6a5689ebe7742334c25f594b34b48ef,,,,,,,,,,,,,,,,
Blocks,Glowstone,cd9d195f092e43505b5499e732dcdb9e852069d5ad35c11432c990afcfe64037,,,,,,,,,,,,,,,,
Blocks,Stone Bricks,83fa0fc0996cf772d1dbc052aa25b11dabae977820af663ef022d3ce1db61122,,,,,,,,,,,,,,,,
Blocks,Chiselled Stone Bricks,8f13dc0c2a2c0b0f212e67e95babaf60b4220f4177fcf728001d1769ceb3b226,,,,,,,,,,,,,,,,
Blocks,Cracked Stone Bricks,b3cedffa96808f21378e1eca6a5728a5bc802f8c65b4a7a9cc1146de9bcc2,,,,,,,,,,,,,,,,
Blocks,Mossy Stone Bricks,aab71a22c931911036b930e2c84261924dc9e341f31c2cd3d0f6f1df16391485,,,,,,,,,,,,,,,,
Blocks,Deepslate Bricks,242d64b4a1769059ba15dd88a6cf7cb21135d6bce8d72ebef9c9a0f561b87d1f,,,,,,,,,,,,,,,,
Blocks,Melon,9636dee806ba47a2c40e95b57a12f37de6c2e677f2160132a07e24eeffa6,,,,,,,,,,,,,,,,
Blocks,Mycelium,7eb4c41f481e816cf4b507b0a17595f2ba1f24664dc432be347d4e7a4eb3,,,,,,,,,,,,,,,,
Blocks,End Stone,42813cf8c4fd013baf5bf55a8c93121c482da1cf6e1054c180ff3e81727b65dd,,,,,,,,,,,,,,,,
Blocks,End Stone Bricks,e2dfb4b0fed1827ada292fe917fca6ac800afcf56f8e4a290b2bd9caa3a12c36,,,,,,,,,,,,,,,,
Blocks,Quartz Block,e5e2b2ed298b53cc84783cd785ec57da49ceaabdcff31b25fe5256b3429b412,,,,,,,,,,,,,,,,
Blocks,Terracotta,82d5fefe20daf31c238ee227dd141827ada5ef8482d8d357bbe5a7cf40af85,,,,,,,,,,,,,,,,
Blocks,White Terracotta,7159594388bf013a4e3e6869faabcb95d31dd3f4a258a535e7cbd92c9986b7,,,,,,,,,,,,,,,,
Blocks,Orange Terracotta,7316c16b1ac470d2c114434ff8730f1815709383db6f3cf720c39b6dce2116,,,,,,,,,,,,,,,,
Blocks,Magenta Terracotta,3441528d288b2b79736cb2248878fb91efb4462d43bebd711f7326afbbf85,,,,,,,,,,,,,,,,
Blocks,Light Blue Terracotta,87bc8f5ac2bf3369741a962de2addbaa17d15cc4dadb19aef6e944817e6c24,,,,,,,,,,,,,,,,
Blocks,Yellow Terracotta,63517bc3ec32869d939c89d2961e30b7161eacd9255bec313be23960221d41b4,,,,,,,,,,,,,,,,
Blocks,Lime Terracotta,55a117e161f7a291d0a3a168e77a21b09d39ffdf5773d22ac02f5fa6611db67,,,,,,,,,,,,,,,,
Blocks,Pink Terracotta,f75db81e1592f32d771dd5dbc6c3a51e7a0d66b22dfe296b96868505ceec,,,,,,,,,,,,,,,,
Blocks,Grey Terracotta,9efa7b5e5e63d46d14615c61bed15427d90b261c7ca5e8159c466f09561da,,,,,,,,,,,,,,,,
Blocks,Light Grey Terracotta,5cde99b72728ef881640fa5068d122e61dd9cf718dbb3709fc5b326f1af5d,,,,,,,,,,,,,,,,
Blocks,Cyan Terracotta,4463811fd0c48fcd73abcb7bbe5aa5ec6bc2809ffc5577d3f4559df30765f,,,,,,,,,,,,,,,,
Blocks,Purple Terracotta,e6f54f82836a55924ee85dec56bbbd8ca14633daa9bfe3565592edf39a6de,,,,,,,,,,,,,,,,
Blocks,Blue Terracotta,7c116694731fbd272c1ffa4352a5359b6c3a4cb5864a74a5dbe0f665f8385c,,,,,,,,,,,,,,,,
Blocks,Brown Terracotta,54b932f117c87e11189f1c4c40cfd92be9119b1137cd610c68edd41ac58f14,,,,,,,,,,,,,,,,
Blocks,Green Terracotta,b55d5019c8d55bcb9dc3494ccc3419757f89c3384cf3c9abec3f18831f35b0,,,,,,,,,,,,,,,,
Blocks,Red Terracotta,9e42f682e430b55b61204a6f8b76d5227d278ed9ec4d98bda4a7a4830a4b6,,,,,,,,,,,,,,,,
Blocks,Black Terracotta,e17ff8babb91b4dbad7524e58eed4b2f71565745989af9a2ccfcf3328f61bd2,,,,,,,,,,,,,,,,
Blocks,Hay Bale,9af328c87b068509aca9834eface197705fe5d4f0871731b7b21cd99b9fddc,,,,,,,,,,,,,,,,
Blocks,Prismarine,97e56140686e476aef5520acbabc239535ff97e24b14d87f4982f13675c,,,,,,,,,,,,,,,,
Blocks,Prismarine Bricks,37cba233ffc457b3305228b25f35c02335611c9efb76698b5e94c0d541b5f4,,,,,,,,,,,,,,,,
Blocks,Dark Prismarine,b375948572348fc678d1fdbba1a770f644a04977a1fc7194370066a18323fc69,,,,,,,,,,,,,,,,
Blocks,Sea Lantern,824c6ff1714eb2c3b844d46d2e5ea2f26d273a33eaaa744abf645b060b47d7,,,,,,,,,,,,,,,,
Blocks,Magma Block,bb508c779f312daff337d137f34dd365a3f9c132bd92eb0c5ffab7c5b4a55c5,,,,,,,,,,,,,,,,
Blocks,Nether Wart Block,f8912bc1ad3ddbe39a19b734a42d8548964bb0a9ce58a52f1a6ae37121524,,,,,,,,,,,,,,,,
Blocks,Red Nether Bricks,e4c3ec48d74456b61218231ba0a13e937e4423f8cd663f417f3ff149d5b371,,,,,,,,,,,,,,,,
Blocks,Bone Block,b8a79c512cff1a9f47319fd77efd06f673a772aa97597436b0160c409c8a2e60,,,,,,,,,,,,,,,,
Blocks,White Concrete,d0925c48b05662848ec9f0685f858d889d3da11b071788eaa36ccd8f1f31de,,,,,,,,,,,,,,,,
Blocks,Orange Concrete,63f13e23ec23467ac5e6f65a83f2686ebecd9986df5f8cbcd6fafc42e662b38,,,,,,,,,,,,,,,,
Blocks,Magenta Concrete,65ef2d87f7c1def79523e956767b8284ca389b24299f5e465d457989d62df8,,,,,,,,,,,,,,,,
Blocks,Light Blue Concrete,f477f44389362c4c764c847a9739bc78c32467eab4e3830ae4c8beac3442ef9,,,,,,,,,,,,,,,,
Blocks,Yellow Concrete,fca5bff325ed71d97a2ddfc83acf05fe7fd9cb7cbdb15ebb4f05621907e9f2b,,,,,,,,,,,,,,,,
Blocks,Lime Concrete,4b599c618e914c25a37d69f541a22bebbf751615263756f2561fab4cfa39e,,,,,,,,,,,,,,,,
Blocks,Pink Concrete,22749d37c3f98d457bf54022a8b613a4353ed8dd2e149426fc42db3b7d,,,,,,,,,,,,,,,,
Blocks,Grey Concrete,c06d7befc82f201f83e193767e63f81037215afd483a38d36965982ca6d0,,,,,,,,,,,,,,,,
Blocks,Light Grey Concrete,6ba0c4a0fdce923a9048328d664147c5b924491f4ee5fea71f3e9ec314,,,,,,,,,,,,,,,,
Blocks,Cyan Concrete,f33b51fef1d7fdf19274bb76fcedecec7a77d010cb34fe029fb794cc59aba,,,,,,,,,,,,,,,,
Blocks,Purple Concrete,f0c05d560d8e13f0cb25c15c831bc595450c5e54ce35fa54e17e0495267c,,,,,,,,,,,,,,,,
Blocks,Blue Concrete,57c7a297103db084af6273b879805afc8577cc82c752ac266cf8d7a6eea60,,,,,,,,,,,,,,,,
Blocks,Brown Concrete,6538120f618f2ccd3bbdc18cd5782e6382ae9ee72d05f5f86276ada54ef7ed,,,,,,,,,,,,,,,,
Blocks,Green Concrete,dfab7daeb8f333c7886a70ef30caf4dec4a8cd10493f23802f1516bdd23fcd,,,,,,,,,,,,,,,,
Blocks,Red Concrete,61856c7b378d350262143843d1f9fbb21911a71983ba7b39a4d4ba5b66bedc6,,,,,,,,,,,,,,,,
Blocks,Black Concrete,4fc2372b457542c65483afa1442e1c33a5ff758d362ecec4348795172824d869,,,,,,,,,,,,,,,,
Blocks,White Concrete Powder,af3eaf4c15ad67c51dff9097bd7abd4a82bab7bed83ab77a6177f2e57b,,,,,,,,,,,,,,,,
Blocks,Orange Concrete Powder,85bec1574de373dfb775ab58b2c1e4621d92c6daac7c6a74d78fb70fff4d0,,,,,,,,,,,,,,,,
Blocks,Magenta Concrete Powder,1834e7efa4842ae0e3194217de62fdc0bf9c72d193a160207d1c3741d7da,,,,,,,,,,,,,,,,
Blocks,Light Blue Concrete Powder,29e4a399befd967ec282c719fbfd644863281374dcb8137a72f7c4d013a73f,,,,,,,,,,,,,,,,
Blocks,Yellow Concrete Powder,f7a9964f572fd03c32dfa2586155fa3d10e627df779a41f262fde82bfb41ba0,,,,,,,,,,,,,,,,
Blocks,Lime Concrete Powder,9cb81a35d2b48d5fd81249369433c078b7c8bf42df5aa9c375c1ac85f4514,,,,,,,,,,,,,,,,
Blocks,Pink Concrete Powder,df387b69f94feea25671fc399eb75dbeac60f512a4bfe78e454171ee3fc0,,,,,,,,,,,,,,,,
Blocks,Grey Concrete Powder,36dc6d42495817b8d4db1311115d1f5cfbede6832192b52f32d48ef7d8b5d,,,,,,,,,,,,,,,,
Blocks,Light Grey Concrete Powder,1a4b0eaf5269a34e278cae8bc5c6cb11202344a94bd8f4a79ae6b812cd6cff,,,,,,,,,,,,,,,,
Blocks,Cyan Concrete Powder,481899d07ed8a5441bb3faf1e19dcc97537cbdf91c703ebf85ac31c88198fc,,,,,,,,,,,,,,,,
Blocks,Purple Concrete Powder,6c4dc8338415b2b989ab79495986ec7895aa03679d2bcdd6d9ebb633b87fc4,,,,,,,,,,,,,,,,
Blocks,Blue Concrete Powder,1da76d6ddcdbb4973332155796c030cfa2fe855ce539e813e588c61d4d6bca5c,,,,,,,,,,,,,,,,
Blocks,Brown Concrete Powder,6795f96de36341a2e9c3fab95acf8e92fde3dbc99f2166518a937cccdd6ed13b,,,,,,,,,,,,,,,,
Blocks,Green Concrete Powder,66d53a57685f25f293c7e9c7b4418d452f6931c53a9849a0b3ca109385577,,,,,,,,,,,,,,,,
Blocks,Red Concrete Powder,f9a51f27d2d938897bc42a3fe2c3135da2671686f57824115f8f8da78a,,,,,,,,,,,,,,,,
Blocks,Black Concrete Powder,2342b9bf9f1f6295842b0efb591697b14451f803a165ae58d0dcebd98eacc,,,,,,,,,,,,,,,,
Blocks,Tube Coral,39fc3cf5508d40c14699d5bf7f252759e1956af9a66d15a6c3854378c61f6d9a,,,,,,,,,,,,,,,,
Blocks,Brain Coral,957dd43e8f1cd13726c0f99ac404715047d12eb42a28ffc6ae9bfb3b70d7640a,,,,,,,,,,,,,,,,
Blocks,Bubble Coral,13f1805edcd32b97ab2f19a03baab1f8d4dc4db8ec7a004b14eb666d09fb87f2,,,,,,,,,,,,,,,,
Blocks,Fire Coral,9fe8ded3c74eacd78412a903b904f5577850d1e20d34878fd77597ad1633bf74,,,,,,,,,,,,,,,,
Blocks,Horn Coral,3491b6e6ae9451c47e09bf1ff23d50fff87ba5927a51f46ffedf926c5cbde77f,,,,,,,,,,,,,,,,
Blocks,Dead Coral,e3ea7645ef5853dd49f192028b0220074d820e000005e5956417977eb5b79356,,,,,,,,,,,,,,,,
Blocks,Dried Kelp,b805caf3d02e35e4aadc19af15e82790177f1cd7b79f4f5b88d943ac6be203a1,,,,,,,,,,,,,,,,
Blocks,Crying Obsidian,da5c8686411d446c90c191c93f80b9ffb1cd247aa12a226f8979981ad4388bee,,,,,,,,,,,,,,,,
Blocks,Blackstone,18f82c54c97e71edade692d4753df5601329794ec50af1df5ffbc1034ec9bb27,,,,,,,,,,,,,,,,
Blocks,Gilded Blackstone,c482d1ba4bdac990f6ea987703587fd79fe55555363251984679d4f279cc0c2a,,,,,,,,,,,,,,,,
Blocks,Polished Blackstone,5c9ee1d558a89f11cd577a90b7b1b96fda34c21c400960390815c23db54b6471,,,,,,,,,,,,,,,,
Blocks,Polished Blackstone Bricks,751b94f189572a66795534163492d2a7c2a7289afc63ade052f11dacc75a743,,,,,,,,,,,,,,,,
Blocks,Moss Block,aa4b78a8baf38aa97c1b58706830ed8dda4f7791d86fb53a8f61da54a2431a1,,,,,,,,,,,,,,,,
Blocks,Chest,d5c6dc2bbf51c36cfc7714585a6a5683ef2b14d47d8ff714654a893f5da622,,,,,,,,,,,,,,,,
Blocks,Crafting Table,2cdc0feb7001e2c10fd5066e501b87e3d64793092b85a50c856d962f8be92c78,,,,,,,,,,,,,,,,
Blocks,Furnace,6bacee4bab9021804e99dfe411e17e15cfe7e052293a3497574dfdb626053f7,,,,,,,,,,,,,,,,
Blocks,Cactus,491ac313d7e086d6cc94a8435f643f1719f1b3b378b04eb1c4272e5c366d0fc2,,,,,,,,,,,,,,,,
Blocks,Jukebox,dcbaead931be57d858416eee4e5ef9f592860895358e7e6d52a2ede77c132e93,,,,,,,,,,,,,,,,
Blocks,Red Mushroom Block,8e35f38934c371f5d15e34fa445d698fd141ed7e75293199390b0bd1678ef,,,,,,,,,,,,,,,,
Blocks,Brown Mushroom,fa49eca0369d1e158e539d78149acb1572949b88ba921d9ee694fea4c726b3,,,,,,,,,,,,,,,,
Blocks,Mushroom Stem,f55fa642d5ebcba2c5246fe6499b1c4f6803c10f14f5299c8e59819d5dc,,,,,,,,,,,,,,,,
Blocks,Enchanting Table,62672c87eef6818828918dd3ca03856ccb4366e7c9ac2624a942f0db7e96a,,,,,,,,,,,,,,,,
Blocks,End Portal Frame,6d8000d5419860ff3de53ba559b9ece79fb1b648e099f023ba48084cdcef8b0c,,,,,,,,,,,,,,,,
Blocks,Ender Chest,374ee1542c4563fd6e7d72de26e737cf18fbd04ccab1b8b28353da87348ecfb,,,,,,,,,,,,,,,,
Blocks,Anvil,9b425aa3d94618a87dac9c94f377af6ca4984c07579674fad917f602b7bf235,,,,,,,,,,,,,,,,
Blocks,White Glazed Terracotta,d2d895789f3894788aadf631d8804b84f9e3d7d2b87f048e93888b48e6ea0c8b,,,,,,,,,,,,,,,,
Blocks,Orange Glazed Terracotta,4aeb04de819c177668c513926437d0ecc1684e024d1d867af45901cb461bb475,,,,,,,,,,,,,,,,
Blocks,Magenta Glazed Terracotta,c923c23fc4789252d4df73edb8663e43094124db79d666829bf376432e11c131,,,,,,,,,,,,,,,,
Blocks,Light Blue Glazed Terracotta,31c895935174ac5f64edad215ce0b6b380137cc4d1f399a3df17dc3b2de40bde,,,,,,,,,,,,,,,,
Blocks,Yellow Glazed Terracotta,878728912414853a563c95cdf119ac6b2d486e3784ece6bb1745fa4b7d6c4002,,,,,,,,,,,,,,,,
Blocks,Lime Glazed Terracotta,3e0b97c785e3976efa78acc828db67e71dead9b6694fde613d2e2e7cafbe1d5b,,,,,,,,,,,,,,,,
Blocks,Pink Glazed Terracotta,1c120ac2fe2bd7cdc2e86a53408449e389915995d49170131a9c920deb05992e,,,,,,,,,,,,,,,,
Blocks,Grey Glazed Terracotta,77729562c741e9b71aeebdb364572f099c73c0256d7d8c86331d7417a803c734,,,,,,,,,,,,,,,,
Blocks,Light Grey Glazed Terracotta,64c04d6eb5b685284370d032cdb69cf2d4fd1ae004574fb4422f2b5577dd1932,,,,,,,,,,,,,,,,
Blocks,Cyan Glazed Terracotta,17c67af8137ffdcf87358f7ab6da6d0ea98a0960995c02e4e9818016348e1f81,,,,,,,,,,,,,,,,
Blocks,Purple Glazed Terracotta,6b75e87d50cb8966a3a56f73d0a16642948ff7d1479b7d59054154bf6be03cd4,,,,,,,,,,,,,,,,
Blocks,Blue Glazed Terracotta,681e376322188b1e988309f99a015d949b68ffe9c9d73cb97813538d0864897e,,,,,,,,,,,,,,,,
Blocks,Brown Glazed Terracotta,ad4eaa5430272c48e081d010b4f44ab6f4ae841e38967ba606601dbc35026eca,,,,,,,,,,,,,,,,
Blocks,Green Glazed Terracotta,6ce807f0a6f499ce9ccc65010faa54ed4e0ffa67cfb848cda159d3dca0a2dca5,,,,,,,,,,,,,,,,
Blocks,Red Glazed Terracotta,2d2225bfd64e7f7bec96bd830e5c81bc30fde96bbda16a0c5bce5b5ec18b6e12,,,,,,,,,,,,,,,,
Blocks,Black Glazed Terracotta,ed4a321c4c3bc7cc391d45c2d304a4f526bcae5b23565a04135cef81ce5118cc,,,,,,,,,,,,,,,,
Blocks,Bed,6fb290a13df88267ea5f5fcf796b6157ff64ccee5cd39d469724591babeed1f6,,,,,,,,,,,,,,,,
Blocks,Flower Pot,e3a6d43c5e2ed86ea8e1b4e3dff5951abc64bcd34d785eb5862c504a2e6b8bcb,,,,,,,,,,,,,,,,
Blocks,Loom,2de1a9fc8ddd772b3518bb955fd4dc7e83dcd54c12a357c1b2238102a15ce48c,,,,,,,,,,,,,,,,
Blocks,Composter,d56e791e2f97370b9f891bcc0f966e3eb29f38a37c702b8442aeb60e504ba397,,,,,,,,,,,,,,,,
Blocks,Barrel,67c2dd6a314cd2d4641fcbab32567413401010913c5409754965dfd74158f337,,,,,,,,,,,,,,,,
Blocks,Smoker,b991051a83cb3c91bbc4a7685a5eed5bf91eb7979f921a0145fc9faf1ede6265,,,,,,,,,,,,,,,,
Blocks,Blast Furnace,e8306bf8ee4036a6fdb4841670b317289485031b56545d3d1a5c0e574ecfd1d4,,,,,,,,,,,,,,,,
Blocks,Cartography Table,d9097ca59334020e4c16d5ba36cb24580ee66c9c2f425a3b5654fdc47b8db6f6,,,,,,,,,,,,,,,,
Blocks,Fletching Table,2760776074c23ae411ed46ef324a7a07282fbfbbbc5a99fcb3f5a8c9d6b02a53,,,,,,,,,,,,,,,,
Blocks,Smithing Table,272d1be488d267ecbecf7fbc314390636e942b6460628b02104a838184b7e737,,,,,,,,,,,,,,,,
Blocks,Shroomlight,d8068a3e9ed0e688768cfe017eadfffc921068fb4a8a10babadce75cf572aaa3,,,,,,,,,,,,,,,,
Blocks,Beehive,b64169076dbdb87f279448d5a16ff78bb0a2b57503c218e21732dba9f7f9f55a,,,,,,,,,,,,,,,,
Blocks,Honeycomb,5948d4d5a4e8bde3f1a02135fdaae848e9bd5e27e28a584ad4b0acdab2,,,,,,,,,,,,,,,,
Blocks,Respawn Anchor,b4e63e45b44c8d89ff3e33e5b60166b791c706066648570bd5b86480ba71f4b1,,,,,,,,,,,,,,,,
Blocks,Piston,aa868ce917c09af8e4c350a5807041f6509bf2b89aca45e591fbbd7d4b117d,,,,,,,,,,,,,,,,
Blocks,Sticky Piston,b711315e3701d66c53154aac995d64ff7f80be8e11d2712d9298dbabd71d6,,,,,,,,,,,,,,,,
Blocks,Slime Block,6b1e7957feb8551241fa1e9181356bc0df56a23323614a88ca5fed4dcbf6c2e,,,,,,,,,,,,,,,,
Blocks,Honey Bock,407e4501928ea8db53ec80eccfa383644967a00d8ce5b8735fb9df8e68603dab,,,,,,,,,,,,,,,,
Blocks,Observer,64a5b5f6b40b1af06aa4e4a2715c4405e0f35805639277e559f9478d55b94b0a,,,,,,,,,,,,,,,,
Blocks,Dispenser,3c11a0d90c37eb695c8a523d8601aa1c85fad09a4d2232d04ed23ac90e4325c2,,,,,,,,,,,,,,,,
Blocks,Dropper,6326f0e739353d2d7c8e9ab4e91e1fbec607cad0fe10296afd21d633b9ecee,,,,,,,,,,,,,,,,
Blocks,Target Block,73c3a9bdc8c40c42d841daeb71ea9e7d1c54ab31a23a2d926591d55514117e5d,,,,,,,,,,,,,,,,
Blocks,TNT,e225985eb655677107722f8eb91f3cbb287f4c874bf9a69f362b4d8c3b2c1c4d,,,,,,,,,,,,,,,,
Blocks,Redstone Lamp (Off),f3e71ad919523eace9cd62a25b18e4e17ab38d1256241f4262dfba7297c4d92,,,,,,,,,,,,,,,,
Blocks,Redstone Lamp (On),7eb4b34519fe15847dbea7229179feeb6ea57712d165dcc8ff6b785bb58911b0,,,,,,,,,,,,,,,,
Blocks,Note Block,4ceeb77d4d25724a9caf2c7cdf2d88399b1417c6b9ff5213659b653be4376e3,,,,,,,,,,,,,,,,
Blocks,Beacon,cde33c95fec1b8d988250f5f5b3a2485742439faeaa75ed506ea01d75e17f21,,,,,,,,,,,,,,,,
Blocks,Water,34fcbc256d0be7e683af84e38c4bcdb71afb9398538a29aa96cbfa318b2ea,,,,,,,,,,,,,,,,
Blocks,Lava,967963cab657d2549dea534be238499d64d6165a592ca361512687a96ed960,,,,,,,,,,,,,,,,
Blocks,Fire,4080bbefca87dc0f36536b6508425cfc4b95ba6e8f5e6a46ff9e9cb488a9ed,,,,,,,,,,,,,,,,
Blocks,Cauldron,848a19cdf42d748b41b72fb4376ae3f63c1165d2dce0651733df263446c77ba6,,,,,,,,,,,,,,,,
Blocks,Stone Slabs,62f4b92ebbc4df7320921463ab306251efd38b27709a89d6955a0c34047006d1,,,,,,,,,,,,,,,,
Blocks,Nether Brick,35c077f3b6fe396af256fd7a213770bbfc3ec4bc036ea8b7b2fb7851994e9a,,,,,,,,,,,,,,,,
Blocks,Quartz Pillar,baebf178a67f2ea3c9d896d3870f1f8ce38fae060e010c69798ad351e31e6197,,,,,,,,,,,,,,,,
Blocks,Barrier,3ed1aba73f639f4bc42bd48196c715197be2712c3b962c97ebf9e9ed8efa025,,,,,,,,,,,,,,,,
Colours,Dark Sky Blue,c1482b755858657fb51b7d3fbf4cd8c090c05e35bd8cdba98b19499d7833acb2,,,,,,,,,,,,,,,,
Colours,Light Sky Blue,489ce89526fc12624678f305493aa65da8a1b360546a505d118eb1fad775,,,,,,,,,,,,,,,,
Colours,Baby Blue,7d31d21cb54294ee3a2056137d123b576f78bfc4878cd8144cd51e1931c39b5,,,,,,,,,,,,,,,,
Colours,Bright Green,361e5b333c2a3868bb6a58b6674a2639323815738e77e053977419af3f77,,,,,,,,,,,,,,,,
Colours,Green,36f69f7b7538b41dc3439f3658abbd59facca366f190bcf1d6d0a026c8f96,,,,,,,,,,,,,,,,
Colours,Grass Green,cad01592ca44189f8abad0c2efa3cae6aafae76daaa7ea46655cc1293489ff,,,,,,,,,,,,,,,,
Colours,Medium Green,185fc97c7df24a6aa9c0ac89fcb22b81700f599f45c32c7e3178b444172df,,,,,,,,,,,,,,,,
Colours,Dark Green,1cf3e422b322b1e9245b4b368433045c7b43c909e5dd6c792e4b6beda54303c,,,,,,,,,,,,,,,,
Colours,Dark Yellow,d45b44fd19d72fb3d6e189c4978b1ca687dbd6580b18ddd8aa710edffa5,,,,,,,,,,,,,,,,
Colours,Yellow,14c4141c1edf3f7e41236bd658c5bc7b5aa7abf7e2a852b647258818acd70d8,,,,,,,,,,,,,,,,
Colours,Light Orange,d3cdb16abb1751d1a481ed87b57db3b883e9961da2f9d485a2986487e2,,,,,,,,,,,,,,,,
Colours,Orange,fea590b681589fb9b0e8664ee945b41eb3851faf66aaf48525fba169c34270,,,,,,,,,,,,,,,,
Colours,Light Red,4bac77520b9eee65068ef1cd8abeadb013b4de3953fd29ac68e90e4866227,,,,,,,,,,,,,,,,
Colours,Red,97c1f1ead4d531caa4a5b0d69edbce29af789a2550e5ddbd23775be05e2df2c4,,,,,,,,,,,,,,,,
Colours,Medium Red,3f46c31d6ee6ea619f72e785232cb048ab270462db0cb1454514436251c1a,,,,,,,,,,,,,,,,
Colours,Dark Red,51014e4f41d7729928f215555da2eaf158ce83d9e0c9961bef5eb7613d37e,,,,,,,,,,,,,,,,
Colours,Azure Blue,3b19dc4d467882dbca1b5c37465f0cfc70ff1f829ecf4a865796b8e5c2809a,,,,,,,,,,,,,,,,
Colours,Cyan,bc35f73098d5f5b492af87d9c57fd8daa1c82cf7f9a7eb9c384981bd76dd9,,,,,,,,,,,,,,,,
Colours,Darkish Blue,b839e381d9fedab6f8b59396a2764238dceb2f7eea856dc6fc44767da382f1,,,,,,,,,,,,,,,,
Colours,Blue,c96540ce762125e398ca53d4cd9b668396d0467e128b30da5aa62be9ce060,,,,,,,,,,,,,,,,
Colours,Dark Cyan,b784c152bfc3e2e313ef23fc46d44fce41e4adad9421bac2da3894511cc03b,,,,,,,,,,,,,,,,
Colours,Dark Blue,12306a98787e526ce973bd56124e645a2e2329d563dcfa68a1be65767f29b5,,,,,,,,,,,,,,,,
Colours,Purple,e9352bcabfc27edb44ceb51b04786542f26a299a0529475346186ee94738f,,,,,,,,,,,,,,,,
Colours,Dark Pink,855654b3f1bfb2cdf0f4b52d6360a03d31ddafc710f8afaea99fba667e482df,,,,,,,,,,,,,,,,
Colours,Magenta,9133fa52dd74d711e53747da963b8adecf92db946be113b56c38b3dc270eeb3,,,,,,,,,,,,,,,,
Colours,Pink,7557db5f15ca6f3701903cca402ce77ec6f885036b6812e8288abd7e94,,,,,,,,,,,,,,,,
Colours,Light Pink,607326d31858ea57e7bc55f3e75e6c85b34ff4bfd28088f94f11eb8e0d1cf,,,,,,,,,,,,,,,,
Colours,Cream,bf76294011cbdcd2e92941dafe6b3726dff02c3e1f84dfa57c6abab6fc33ce6,,,,,,,,,,,,,,,,
Colours,Mokka,bad5983dcabc931ab6a49d2fb8879ebc5295cb5ba2f278e3c8a3da7bc8b478,,,,,,,,,,,,,,,,
Colours,Brown,4574a467737295bd9ddc82545a1a4e146a943d05ecc821f9cc6a543ffe9934a,,,,,,,,,,,,,,,,
Colours,White,e5a770e7e44b3a1e6c3b83a97ff6997b1f5b26550e9d7aa5d5021a0c2b6ee,,,,,,,,,,,,,,,,
Colours,Light Grey,31c45a59550143a44ed4e87ce2955e4a13e94cdfd4c64dee881dfb48dd92e,,,,,,,,,,,,,,,,
Colours,Grey,f2f085c6b3cb228e5ba81df562c4786762f3c257127e9725c77b7fd301d37,,,,,,,,,,,,,,,,
Colours,Black,9ddebbb062f6a385a91ca05f18f5c0acbe33e2d06ee9e7416cef6ee43dfe2fb,,,,,,,,,,,,,,,,
Decorations,Air Freshener,2a74ac4d1f9cbd107d4aa858a232c44915579aaca32aa2af95459fca0aac9b,,,,,,,,,,,,,,,,
Decorations,Aliens,6e46abbd0bae89278ef5a216f306de2109db1dd09c8b6728ab23cb0426e9c416,,,,,,,,,,,,,,,,
Decorations,Bag,822a48a5759eddef9e2918fc85996f8491cc92578d54dcd62e2b6d913bfb421e,,,,,,,,,,,,,,,,
Decorations,Balloon,835ef9230031769a2e8192ab46a1714410d56c3b9b38a0302a058e47973d7c4d,,,,,,,,,,,,,,,,
Decorations,Barrel,c67d5d37cd64ce3fb57377d25d6152aa4ac2e37954248d5d91f88fbd791f4766,,,,,,,,,,,,,,,,
Decorations,Barrel,fc1b07e271e47970ad59ac324620b71ac66aef7cf2051d25ad009bf019b92606,,,,,,,,,,,,,,,,
Decorations,Basket of Eggs,f1dc0d4eab07111c7e531be67d3309d1c96057c1b4aeb77c4a3a81e904e918ee,,,,,,,,,,,,,,,,
Decorations,Battery,853b4ca7fe9a9e299d377ece4c037e1cd009a0b572d53c8469f0ce0ffe3ba8a2,,,,,,,,,,,,,,,,
Decorations,Beach Ball,93c2f1c5d2c8f0e33730c14dca1c1d1e1abd8596b0839d6738d18f46432b6fa6,,,,,,,,,,,,,,,,
Decorations,Beer Barrel,ffb985962f46e055f53d8ee35b11b8a62f397dad9db9feaeff4829630d9d9,,,,,,,,,,,,,,,,
Decorations,Bell,d6b0ce673b3f28c4610cea7ce042c850e34cc988cb0d7c803979f50dd0f15731,,,,,,,,,,,,,,,,
Decorations,Bird House,75465f77e7fd4217384998c33859ad9636e1893bee405dd2519423b51767,,,,,,,,,,,,,,,,
Decorations,Blue Flower,14454c0ed3a9e2e3da9ef7fb1a18cbc3ce14fac61c96814ab062f01e4d69b345,,,,,,,,,,,,,,,,
Decorations,Blue Towels,2f7a9c125df2ef5262d70c860a99eddf3417c7372d43f7e1ddfa076ef2d68138,,,,,,,,,,,,,,,,
Decorations,Book,ed88a86445d4114b15171bb9ef83746060cafff2cb2aa751159740cff48df89e,,,,,,,,,,,,,,,,
Decorations,Books,21c63d9b9fd8742eaeb04c692172cb9da43781698a575cdabe1c04df12c3f,,,,,,,,,,,,,,,,
Decorations,Books,6efe6505bc840abfd8666261017ec20a68468561bc3cf2fad639a4ec94789fa0,,,,,,,,,,,,,,,,
Decorations,Books,87ec444f76cdabe251d9a18260452d3923ea52f571eec517e227335b6a30aa,,,,,,,,,,,,,,,,
Decorations,Bottle,8ef7cbba4c469f10e44a6167d8955aadd6896466429a143c952581e237b8745c,,,,,,,,,,,,,,,,
Decorations,Box,309d6550a8b896de31231b3cd161f47b14b84530380a1d565c368d767ba0fa42,,,,,,,,,,,,,,,,
Decorations,Box,fb3467a5063d792733ceccabb1635e62b8f1ab19e3d72b4f5f4d24f0257ac0e2,,,,,,,,,,,,,,,,
Decorations,Brick Chimney,76e117e72d64beada965a7331f8cce2b9f9cb73c274ab4131d9e55da50dd8b75,,,,,,,,,,,,,,,,
Decorations,Brick Chimney,49610aadfc3ad8b90c5c89827abc642a4b5a036767ed66a1e6e80b3dec861347,,,,,,,,,,,,,,,,
Decorations,Building,b25b27ce62ca88743840a95d1c39868f43ca60696a84f564fbd7dda259be00fe,,,,,,,,,,,,,,,,
Decorations,Cabinet,cf9b67bb9cc1c88486760b17265054312d659df2cc6755750045bd71cffb4e60,,,,,,,,,,,,,,,,
Decorations,Cage,399c3bce75c59c6ec3a8e8265aed86980f4cda523e1922add6ceb5b9ef,,,,,,,,,,,,,,,,
Decorations,Candle,9d30c5b9358179d0987740d7478c0eeb6b9c7fa07ce488dd6985181af61fb8a2,,,,,,,,,,,,,,,,
Decorations,Cannonball,17d81286281b1c7b13420f70b0f43867aa38eee109b64c3a37b699ea05e8ec05,,,,,,,,,,,,,,,,
Decorations,Cash Register,10377641d331197551b74a96f08cb39918760e7a86b3b1d9fa90f9b65fc86e,,,,,,,,,,,,,,,,
Decorations,Cobblestone Chimney,3058ec4d3920adbfa86550f5852422e1af55054a15afc9c2c922d58765faa5b,,,,,,,,,,,,,,,,
Decorations,Crayons,a127912af19d7581c0fe43474362f3921cdc782f8ef2ceb914f87b51510290d8,,,,,,,,,,,,,,,,
Decorations,Dice,6e22c298e7c6336af17909ac1f1ee6834b58b1a3cc99aba255ca7eaeb476173,,,,,,,,,,,,,,,,
Decorations,Drum,21b4dac1f0714ca7c736ffda3512a1bb64fda5f760df24a8e5e2f0a1276b34,,,,,,,,,,,,,,,,
Decorations,Earth,1289d5b178626ea23d0b0c3d2df5c085e8375056bf685b5ed5bb477fe8472d94,,,,,,,,,,,,,,,,
Decorations,Fire Truck,357913fffa6e753675a2ebd37bb8c48636336d9919aa5da33684242989e42411,,,,,,,,,,,,,,,,
Decorations,Fossil,712a776f343b692349f024d43134232b02333276856e94277443d82b7087ab76,,,,,,,,,,,,,,,,
Decorations,Fossil,4c0288b4ab1a3d53a68fd17011e86881680e0fd4f18b2c9385503eb9592b460d,,,,,,,,,,,,,,,,
Decorations,Fruit Basket,257e2c5756d4f44d3834582663e6d848e11641634cb205b7ca3ea4ad2857341,,,,,,,,,,,,,,,,
Decorations,Garbage Truck,f32c1472a7bc6975ded7c0c51696959b89af61b75ae954cc4036bc384b3b8301,,,,,,,,,,,,,,,,
Decorations,Gauntlet,2b8bf2be647f799354623d7ec07e6054dd9e0ed16d7675ec39c92dafc3d3f1e5,,,,,,,,,,,,,,,,
Decorations,Hay,35f75bae13496b97f55dc42fc37242a88158952b6cce93c057ab028acba80b20,,,,,,,,,,,,,,,,
Decorations,House,37410c07bfbb4145004bf918c8d6301bd97ce13270ce1f221d9aabee1afd52a3,,,,,,,,,,,,,,,,
Decorations,Ingots,d06436cccb453e2da39fd690bf4d0287465cab09e034233739b2506a638b506b,,,,,,,,,,,,,,,,
Decorations,Jack O' Lantern,cced4bcfd2116464dedf157bfc62db26c957a9a6ac8bbc52563467085be23,,,,,,,,,,,,,,,,
Decorations,Lamp,f983fe394f4641a97529f7e4924678a299969173b741d2f2db6833a7e8db8d6,,,,,,,,,,,,,,,,
Decorations,Lantern,cdfac014b22c6f9685a364f31673b8f772db4753955ac3f577418602ff3bd8,,,,,,,,,,,,,,,,
Decorations,Letter Box,4fa89ce85932bec1a1c3f31cb7c085a5bfb2ac7e404094208c3ad123879da6da,,,,,,,,,,,,,,,,
Decorations,Mirror,ea044128e677b1d043830d72a1c65a251eb8404becb72814571330218ef9b856,,,,,,,,,,,,,,,,
Decorations,Money,d7d7f8fd87fe7e34f9113dd385aab7b24ef221c19d455175b2578af7ff46eecf,,,,,,,,,,,,,,,,
Decorations,Orange Flower,25a5202bdb2874ca57b3235523694542118ea982b3289cba43021c603be6999,,,,,,,,,,,,,,,,
Decorations,Paint Bucket,6957e7b884352ba16c346e9ff71ff6e60f1213426fc389ac1dc17012cb576004,,,,,,,,,,,,,,,,
Decorations,Pile of Logs,cad57d1f60478af6ae1b6b1c28cee534d5dbb8c8cab87963e9c2ef0c6ac58,,,,,,,,,,,,,,,,
Decorations,Plant Pot,23fffc8955b0e8302898f7f015d849f0a01dbbb0427417506fb89ead54d45f6,,,,,,,,,,,,,,,,
Decorations,Potted Bush,ea1fbef3d0c51ad6c713aa20c42db183434cec4fb63a5a3eaa101ad3c5f75d15,,,,,,,,,,,,,,,,
Decorations,Potted Cactus,b843de3d43621b33f9bbb0988497bea9319b07a82f8682d3e8a2ead955267c8a,,,,,,,,,,,,,,,,
Decorations,Power Orb,3a7cda9004fc197d66afbc2b003a5b9ef13cf4600b1fc7490067590f047181e,,,,,,,,,,,,,,,,
Decorations,Present,bd72759dbfb3ad6cc04e13e3b3905bf4b2589a715c70d84627a716d73beb00f4,,,,,,,,,,,,,,,,
Decorations,Pumpkin,7f23c96336adc6c776a1b6df5333420f637e282de0ac74681d25b5566c2e271a,,,,,,,,,,,,,,,,
Decorations,Purple Flower,42deb033db326a433ad8e932e5355d4adf1729f466cfac9ffbb3732351812da4,,,,,,,,,,,,,,,,
Decorations,Recycling Bin,ec361faa0f63d3d3889114dd036e24db484f4a9881d5db667f7eceada226e5a9,,,,,,,,,,,,,,,,
Decorations,Recycling Bin,94c28ffb9063e63037c7c9c3a99975333254946ddfa0018996151740a5c66842,,,,,,,,,,,,,,,,
Decorations,Red Bush,85ce40eef869be2cf88889da9268cfde6d9319b3778589ad47e9d35aaa8f1d,,,,,,,,,,,,,,,,
Decorations,Red Button,865286e3e6fa00e4a60bb89675b9aa75d6c9cdd1ec840d1bcc296b71c92f9e43,,,,,,,,,,,,,,,,
Decorations,Red Flower,d3311ce4807efcf399299fadc95f32b438f510c98efdf639ce917f27eb5e0849,,,,,,,,,,,,,,,,
Decorations,Red Towels,839823e06d24f9def8a9826a0dc7a01487eccb1e91e89461c684c7ff990ef8b2,,,,,,,,,,,,,,,,
Decorations,Rubber Duck,c882eb49d89f1eb8c68814e71c6263bbec7ba633f27bff6efdb92a6799ba,,,,,,,,,,,,,,,,
Decorations,Rubiks Cube,b5b550e8f45bbfb600c68751e7a0678b97b14f245e5868eff667b07db588dd83,,,,,,,,,,,,,,,,
Decorations,Salt Shaker,a92ab8eeaeae8744c269370127e2cf040231cafd7b871de30c54811403d9c71,,,,,,,,,,,,,,,,
Decorations,Sandcastle,a64e294eaab486eab3d49ac95ac6c7df1ba23db7f57e082f8c203b58b3bae8ba,,,,,,,,,,,,,,,,
Decorations,Sandstone Chimney,36c3cbae985ed4b26e6a5116f7b36664dac35ce53dc1c814176fdbf00a1ea9f7,,,,,,,,,,,,,,,,
Decorations,Santa's Bag,ab339b1cd40053defd7d3528e01fea876d41b42f9d9268461da79f5f66771236,,,,,,,,,,,,,,,,
Decorations,Scarecrow,786a55c58a7c76e13ee66103adb532a88add96d160534989e15011515f0a0b34,,,,,,,,,,,,,,,,
Decorations,Shopping Bag,c9487f33f5500d1ed50a05818c26aeffb314edddcac6815996dfa2692a182cfc,,,,,,,,,,,,,,,,
Decorations,Socket,cecceab52d98947342b375fc8d05817701aebffd3571b132b3d7f995f32dd0,,,,,,,,,,,,,,,,
Decorations,Stack of Books,3e852c39c252e733398bc903aeb514954edea2331ea5d14e942f65d250fdef8c,,,,,,,,,,,,,,,,
Decorations,Stack of CDs,e8a2f3e313ad4f92b2754b7f7abf6f56b42d0b50305f49629fdb85560a91f374,,,,,,,,,,,,,,,,
Decorations,Stack of DVDs,73e6f71e66141c00e3390e8c4743b8a86cca3054b9418d414d239cf0269f5038,,,,,,,,,,,,,,,,
Decorations,Stack of Newspapers,2e5793f0cc40a9368252714bc5263a5c3df2233bddf8a57e3d8d3f54af6726c,,,,,,,,,,,,,,,,
Decorations,Stone Brick Chimney,f3a260951bc2f58b4b51cdaad9d13585159f47463a8511efcb72c562823f77d,,,,,,,,,,,,,,,,
Decorations,Stone Chimney,22f72d2f6a88424aeaaadb9764d3fdcb8fcffe61ed53bec5bb18a185eba,,,,,,,,,,,,,,,,
Decorations,Supply Crates,7748f3c994019f91ac1cf5db10c18c70948a53e334811f4e22dc3ee9ab6b4d98,,,,,,,,,,,,,,,,
Decorations,Tank,b1c5ad737a1c162aaea3464be6d97c3ccc420e654ce3cb86acf1a5435cad74d6,,,,,,,,,,,,,,,,
Decorations,Toilet Paper,bc8c22985b0336f817fc307cba6c15da484bf2361c60f5a33e6a9557ee2d,,,,,,,,,,,,,,,,
Decorations,Toilet Roll,d12dd10dcc896617ace10e1b289cf733039bc70a49ea52ffd99f5f7982f56cc1,,,,,,,,,,,,,,,,
Decorations,Towels,8d1cb9e0a04a84dda4e7188dc1915ecbf6fab9a401e5251c6620287c1dffa784,,,,,,,,,,,,,,,,
Decorations,Toy Car,45a095587d29f35f9029f76bcac34292c2e39b505de67f504e90ce66f76297ed,,,,,,,,,,,,,,,,
Decorations,Traffic Cone,ca26616c15da8b4428c4f6e342901ad3c1c97d737cca666b766bd537478f92,,,,,,,,,,,,,,,,
Decorations,Treasure,7af7ca376a1424ce08ab59a7e3dc2e86f1c537b90690dacd8f53c24cf532a6f2,,,,,,,,,,,,,,,,
Decorations,Vase,dddcc97c72d2eb4c3e94bd5cdbe3547acf4dd55bba378758c0bc3af35f2b0e72,,,,,,,,,,,,,,,,
Decorations,Vase,3d915b01f3d2bbf831eceecbff066f70f7178d419b7031a3fa6e8b842b7f475d,,,,,,,,,,,,,,,,
Decorations,Water Bucket,91e5da0c56cf9d893d9bd3b7ca40f081c11a003efb776243460c2ba8ba5c352a,,,,,,,,,,,,,,,,
Decorations,White Bush,6894dabe58b5e44c0851d2631ff6d79b5b876a4a12bb1cc26d2877399fe6122,,,,,,,,,,,,,,,,
Decorations,Yellow Flower,291b3eea55d64874ea46a43a83efbdae75e00fb8bcb62fb394c221e19cf8215b,,,,,,,,,,,,,,,,
Emoji,Angel Emoji,3e1debc73231f8ed4b69d5c3ac1b1f18f3656a8988e23f2e1bdbc4e85f6d46a,,,,,,,,,,,,,,,,
Emoji,Big Grin Emoji,5059d59eb4e59c31eecf9ece2f9cf3934e45c0ec476fc86bfaef8ea913ea710,,,,,,,,,,,,,,,,
Emoji,Big Smiling Emoji,7ffaccf17879b17891fc5ef66472cc066a85bfa31b6d786c32afee4796068d,,,,,,,,,,,,,,,,
Emoji,Cool Emoji,868f4cef949f32e33ec5ae845f9c56983cbe13375a4dec46e5bbfb7dcb6,,,,,,,,,,,,,,,,
Emoji,Crazy Emoji,45b0595a511c4b377437a516fefbea2ffcf35585ae53465b0e86024a215eb,,,,,,,,,,,,,,,,
Emoji,Crying Emoji,1f1b875de49c587e3b4023ce24d472ff27583a1f054f37e73a1154b5b5498,,,,,,,,,,,,,,,,
Emoji,Crying Emoji,e9dd3addbf75315c64efa834891b687e7f945b67b56beedf181dbcbde59a1d,,,,,,,,,,,,,,,,
Emoji,Dead Emoji,b371e4e1cf6a1a36fdae27137fd9b8748e6169299925f9af2be301e54298c73,,,,,,,,,,,,,,,,
Emoji,Derp Emoji,3baabe724eae59c5d13f442c7dc5d2b1c6b70c2f83364a488ce5973ae80b4c3,,,,,,,,,,,,,,,,
Emoji,Disappointed Emoji,83fdcf042dacc732b699582cae7c59a659c86c57e43142a2cc89e4d9ef037,,,,,,,,,,,,,,,,
Emoji,Disgust Emoji,207eef91a453a5151487c9d6b9d4c434db7f8a02a4caf18ef6f3358677f6,,,,,,,,,,,,,,,,
Emoji,Embarrassed Emoji,f720df911c052377065408db78a25c678f791eb944c063935ae86dbe51c71b,,,,,,,,,,,,,,,,
Emoji,Kissy Emoji,545bd18a2aaf469fad72e52cde6cfb02bfbaa5bfed2a8151277f779ebcdcec1,,,,,,,,,,,,,,,,
Emoji,Laughing Crying Emoji,655234f7126abd570b69209c9185fc18be78edd2b6c4661b49fd41ed09fe47db,,,,,,,,,,,,,,,,
Emoji,Moustache Emoji,3636f2724aa6aa4de7ac46c19f3c845fb14847a518c8f7e03d792c82effb1,,,,,,,,,,,,,,,,
Emoji,Nervous Emoji,6ccd5472a46f46e4cdfda9adea2320cccfbae11198b6aae163d17c4b5b4666d,,,,,,,,,,,,,,,,
Emoji,Neutral Emoji,8115dcc17b2e15cd41831885d7dbb8ff2e9cac4fec7080358fe55f93eea19b,,,,,,,,,,,,,,,,
Emoji,Sad Emoji,14968ac5af3146826fa2b0d4dd114fda197f8b28f4750553f3f88836a21fac9,,,,,,,,,,,,,,,,
Emoji,Scared Emoji,636e26c44659e8148ed58aa79e4d60db595f426442116f81b5415c2446ed8,,,,,,,,,,,,,,,,
Emoji,Sleeping Emoji,9c4a41554342b2cbfbd895e9ec7089ae861fec8f51693822ec1eb3ca3f18,,,,,,,,,,,,,,,,
Emoji,Smiling Emoji,52e98165deef4ed621953921c1ef817dc638af71c1934a4287b69d7a31f6b8,,,,,,,,,,,,,,,,
Emoji,Smug Emoji,4168b716281635ceafc3268dfa7d5f46466c8032e11c1cfb7db711a9f647d,,,,,,,,,,,,,,,,
Emoji,Stuck out Tongue Emoji,c5b7f0a198bac767dd4f32501bd29e7b2fa3e659bf4f6601db0b6ab34345798,,,,,,,,,,,,,,,,
Emoji,Surprised Emoji,bc2b9b9ae622bd68adff7180f8206ec4494abbfa130e94a584ec692e8984ab2,,,,,,,,,,,,,,,,
Emoji,Thinking Emoji,1fea99ad95b570175fda25c3a69788d6a9b854aa13f8a5ff63f6efedf581dfb6,,,,,,,,,,,,,,,,
Emoji,Winking Emoji,f4ea2d6f939fefeff5d122e63dd26fa8a427df90b2928bc1fa89a8252a7e,,,,,,,,,,,,,,,,
Emoji,Winking Emoji,64d77e964cffbad19b1ed960f04b1c2eed3bb76870162e73cdf6838ec63612,,,,,,,,,,,,,,,,
Flags,Algeria,a27ab62ba24800aa9ad5babb382f122d077bd39501932ed968f2b6658af3e585,,,,,,,,,,,,,,,,
Flags,Argentina,f6d033dc5f675ad51bc06c7a1949c35a1d37e48a2e1c2789c2cf7d30ec58f32c,,,,,,,,,,,,,,,,
Flags,Australia,cf4aa2a244784d48b155ff044b8cf96df5bd4e87e01924a75d62a9242a16cf,,,,,,,,,,,,,,,,
Flags,Bangladesh,4595587d745a174cd20f1af5233e46a4249437f39d16e466fd3e3f822867d189,,,,,,,,,,,,,,,,
Flags,Belgium,c8e0e0de705d366ba59506b3fb1a04fd3d51aff90e5cfb4ebbea66ea5976c0ff,,,,,,,,,,,,,,,,
Flags,Brazil,9a46475d5dcc815f6c5f2859edbb10611f3e861c0eb14f088161b3c0ccb2b0d9,,,,,,,,,,,,,,,,
Flags,Canada,f241a697f6dfb1c57cda327baa6732a7828c398be4ebfdbd166c232bcae2b,,,,,,,,,,,,,,,,
Flags,Chile,2111e802422b539292f1f92b3833edfd65138608594aaab4acb322077c36587b,,,,,,,,,,,,,,,,
Flags,China,7f9bc035cdc80f1ab5e1198f29f3ad3fdd2b42d9a69aeb64de990681800b98dc,,,,,,,,,,,,,,,,
Flags,Colombia,c72120b9fe77d770b254b39c7be9b1ceccef6adfe7a5cc689ab1fd23e3c,,,,,,,,,,,,,,,,
Flags,Denmark,10c23055c392606f7e531daa2676ebe2e348988810c15f15dc5b3733998232,,,,,,,,,,,,,,,,
Flags,Egypt,826e742b32f0f8db59c07b1bcdde6f8a93f85c929e598c7e9273b9211f2ce78,,,,,,,,,,,,,,,,
Flags,Ethiopia,75bb862a7bba033ca8072cf0bb96f361dbc41c6252186ef81b320e159e06d810,,,,,,,,,,,,,,,,
Flags,Finland,59f2349729a7ec8d4b1478adfe5ca8af96479e983fbad238ccbd81409b4ed,,,,,,,,,,,,,,,,
Flags,France,51269a067ee37e63635ca1e723b676f139dc2dbddff96bbfef99d8b35c996bc,,,,,,,,,,,,,,,,
Flags,Germany,5e7899b4806858697e283f084d9173fe487886453774626b24bd8cfecc77b3f,,,,,,,,,,,,,,,,
Flags,Hungary,4a9c3c4b6c5031332dd2bfece5e31e999f8deff55474065cc86993d7bdcdbd0,,,,,,,,,,,,,,,,
Flags,India,2f89e46f1d5454c967676efb4977a84a18d0084326c76c7bfc4e7843bb1a901,,,,,,,,,,,,,,,,
Flags,Iran,5cd9badf1972583b663b44b1e027255de8f275aa1e89defcf77782ba6fcc652,,,,,,,,,,,,,,,,
Flags,Ireland,d2c93a15f4b630c6e1bdeb1b2c27e8e7889a1aa853ba5a0764adb1734f301c,,,,,,,,,,,,,,,,
Flags,Italy,85ce89223fa42fe06ad65d8d44ca412ae899c831309d68924dfe0d142fdbeea4,,,,,,,,,,,,,,,,
Flags,Japan,d640ae466162a47d3ee33c4076df1cab96f11860f07edb1f0832c525a9e33323,,,,,,,,,,,,,,,,
Flags,Kenya,df70828b44ba8896ca113494922a334dd31df55f41a39364355304d4d25cb368,,,,,,,,,,,,,,,,
Flags,Mexico,ca971bfcf33b439821b4e5f0c86cd61435cd3e0c819e35dd9774ef0399f132b,,,,,,,,,,,,,,,,
Flags,Netherlands,c23cf210edea396f2f5dfbced69848434f93404eefeabf54b23c073b090adf,,,,,,,,,,,,,,,,
Flags,Nigeria,b5e0ceb0461fc951354f6d4777802d5e4268c1f81719e46667832b183df9510,,,,,,,,,,,,,,,,
Flags,North Korea,1969d12662faebfaca6f4b0442fcb251fd60b61a9fcdceea2bdc21e025eb21,,,,,,,,,,,,,,,,
Flags,Norway,fda048bc153b38467e76a3347f38396860a8bc68603931e91f7af58bec57383d,,,,,,,,,,,,,,,,
Flags,Pakistan,70cfbf96606237fa67e2ab87ee44427c2a63836d6f3adbe34b546b8f7f43e240,,,,,,,,,,,,,,,,
Flags,Philippines,dabcdb3554ff31759823a12b9c8b9186cd29544d18419dce551cf783ad006cdf,,,,,,,,,,,,,,,,
Flags,Poland,921b2af8d2322282fce4a1aa4f257a52b68e27eb334f4a181fd976bae6d8eb,,,,,,,,,,,,,,,,
Flags,Portugal,ebd51f4693af174e6fe1979233d23a40bb987398e3891665fafd2ba567b5a53a,,,,,,,,,,,,,,,,
Flags,Republic of the Congo,dc16ec423b334baa7317b8d1b28ed7c1c90a7506e86c69e78552d0d776653ff1,,,,,,,,,,,,,,,,
Flags,Russia,16eafef980d6117dabe8982ac4b4509887e2c4621f6a8fe5c9b735a83d775ad,,,,,,,,,,,,,,,,
Flags,South Africa,961a1eacc10524d1f45f23b0e487bb2fc33948d9676b418b19a3da0b109d0e3c,,,,,,,,,,,,,,,,
Flags,South Korea,795b8c051cd9246a6b2709a5a20e3d1f9730c96b2167d6f92805f1491cb8f621,,,,,,,,,,,,,,,,
Flags,Spain,32bd4521983309e0ad76c1ee29874287957ec3d96f8d889324da8c887e485ea8,,,,,,,,,,,,,,,,
Flags,Sweden,7d86242b0d97ece9994660f3974d72df7b887f630a4530dadc5b1ab7c2134aec,,,,,,,,,,,,,,,,
Flags,Thailand,2a7916e4a852f7e6f3f3de19c7fb57686a37bce834bd54684a7dbef8d53fb,,,,,,,,,,,,,,,,
Flags,Turkey,6bbeaf52e1c4bfcd8a1f4c6913234b840241aa48829c15abc6ff8fdf92cd89e,,,,,,,,,,,,,,,,
Flags,United Kingdom,879d99d9c46474e2713a7e84a95e4ce7e8ff8ea4d164413a592e4435d2c6f9dc,,,,,,,,,,,,,,,,
Flags,United States of America,4cac9774da1217248532ce147f7831f67a12fdcca1cf0cb4b3848de6bc94b4,,,,,,,,,,,,,,,,
Flags,Ukraine,28b9f52e36aa5c7caaa1e7f26ea97e28f635e8eac9aef74cec97f465f5a6b51,,,,,,,,,,,,,,,,
Flags,Venezuela,e3033049baae11877406da40bd0517cbfb2b37a2398be3bda4995b61ffeaa243,,,,,,,,,,,,,,,,
Flags,Vietnam,8a57b9d7dd04169478cfdb8d0b6fd0b8c82b6566bb28371ee9a7c7c1671ad0bb,,,,,,,,,,,,,,,,
Food,Apple,cbb311f3ba1c07c3d1147cd210d81fe11fd8ae9e3db212a0fa748946c3633,,,,,,,,,,,,,,,,
Food,Apple,cc9eba63a9d12cb6fde63badbe289d888f57219f4122c2820ea654fbe6350a5,,,,,,,,,,,,,,,,
Food,Baked Beans,99fba8d7b1bc2901ae193376329941824749dc9d1d312e882802cc55ff924de1,,,,,,,,,,,,,,,,
Food,Beer,4053e26867bb57538e9789137dbbb53774e18eda6fef51cb2edf426b37264,,,,,,,,,,,,,,,,
Food,Bread,51997da64043b284822115643a654fdc4e8a7226664b48a4e1dbb557b5c0fe14,,,,,,,,,,,,,,,,
Food,Burger,268efa56ef3136e53a9bf430ef76d50153fbbcc1295e64b347f53e10e557f07a,,,,,,,,,,,,,,,,
Food,Burger,39dd434362cce5ecd4fc33f3ecdac78f52276c5bc5fa2af871e3848a542b484b,,,,,,,,,,,,,,,,
Food,Burger,365874b5987d42f205b870a793bf3a14a68b2cffed9c0210dceaefec07a,,,,,,,,,,,,,,,,
Food,Carrots,4d3a6bd98ac1833c664c4909ff8d2dc62ce887bdcf3cc5b3848651ae5af6b,,,,,,,,,,,,,,,,
Food,Cheerios,caacb76664089bbb5f1108e133c94a457d33447a8f4d2ad6e53dde68ee58a,,,,,,,,,,,,,,,,
Food,Cheese,955d611a878e821231749b2965708cad942650672db09e26847a88e2fac2946,,,,,,,,,,,,,,,,
Food,Cheesecake,8d6c1e6bc424d370b16089c61c182c2b756d8d2b7a0ddb527c87edacd190c00a,,,,,,,,,,,,,,,,
Food,Chocolate,819f948d17718adace5dd6e050c586229653fef645d7113ab94d17b639cc466,,,,,,,,,,,,,,,,
Food,Chocolate Cake,dcffbcc9def9420e0d1831b07e49568dadd323a47022db080ad4e2a241b92b8,,,,,,,,,,,,,,,,
Food,Coca Cola,901391478a76bf92ed32fac91863a0bfe8be7b81d4f21172d1e6327a4ebcc971,,,,,,,,,,,,,,,,
Food,Coffee,235e3ddfe8f9b5163ce7cba7154844114537a43102e0f8a7821e59c659ef2573,,,,,,,,,,,,,,,,
Food,Cooked Chicken,d3e20a26cbb5740a158da991ef94dcd32d447e9ac03aa0e8f829a49830619a10,,,,,,,,,,,,,,,,
Food,Cookie,b592cf9f42a5a8c995968493fdd1b11e0b69aad6473ff45384abe58b7fc7c7,,,,,,,,,,,,,,,,
Food,Corn,d391dffbea2fc3f2ad78a623f49bf7e1121694112c3759feed4156fc2ba46c0,,,,,,,,,,,,,,,,
Food,Cornflakes,d521b1c6d844c4f712bf676b68e33c9b4183e9b820db457fb81e133395e,,,,,,,,,,,,,,,,
Food,Cup,373853d541c978e32e1eac6614da63f5f0d63374dd1f366c5d794fab28945d75,,,,,,,,,,,,,,,,
Food,Dorito,571e6d8a67617030705c68118a95ab364e4361e5ebc8a4fea6c792c0c36e45af,,,,,,,,,,,,,,,,
Food,Doughnut,dedf8c739eda1d32a44efdcec7b983dd3731a17916bc99f89d3f9d771bac9a51,,,,,,,,,,,,,,,,
Food,Doughnut,7301336e42336b6f20d3d7674fa9997107c5b994770dc81740c012efdf5e2b37,,,,,,,,,,,,,,,,
Food,Fanta,797db707cc536a30381ed7236928d82fe561ac5582a2a3205dc0a585c00b4daa,,,,,,,,,,,,,,,,
Food,Fries,a8fa562856959dfefbc1328cdfd9d430b65af7f24cf326400767305b34c5b2e5,,,,,,,,,,,,,,,,
Food,Glass of Milk,c2690e05de4c81dfe0eadd21b955752e918d1a7db933ac2a16190b37d2c494be,,,,,,,,,,,,,,,,
Food,Grapes,8cdcf38a8438ed3a547f8d5b47e0801559c595f0e26c45656a76b5bf8a56f,,,,,,,,,,,,,,,,
Food,Grapes,ee5935863c53a996f5334e90f55de538e83ffc5f6b0b8e83a4dc4f6e6b1208,,,,,,,,,,,,,,,,
Food,Hotdog,eb505c55051ced3824e0e307092a1d8d6e0831adcf5ae8e91e60674f6b7acd88,,,,,,,,,,,,,,,,
Food,Ice Cream,e004a883bcbe374b4662d5acf7ab6fd96cb9e52808ec7562a1ea775f99e6e583,,,,,,,,,,,,,,,,
Food,Jam,c0b8b5889ee1c6388dc6c2c5dbd70b6984aefe54319a095e64db7638097b821,,,,,,,,,,,,,,,,
Food,Mango,59e1ae2381a928e6ff7e1d176e27a31dc2e1bc25886f7731a3abca6977a82,,,,,,,,,,,,,,,,
Food,McNuggets,11ec45cef70e846ff48ea174b60dc6ad2e2ab7a7ccf7eff32e914c53d5f3fc87,,,,,,,,,,,,,,,,
Food,Monster,2eda5ef53586ffebb2549d6dcd002f26014536f2e0430b6b87027e74416f5eba,,,,,,,,,,,,,,,,
Food,Muffin,e1f41bc5f2d216e9dbf083058d253c97f0e8e1252b8bde1f006a6c766764e4ae,,,,,,,,,,,,,,,,
Food,Noodles,e8e0102a90db82919fdde976a7602c513d301a0cdae97ef259218650fcea8,,,,,,,,,,,,,,,,
Food,Noodles,cff6eb5587e8ca43a9d48272f160c2a27e5f64b3e0aa7747ca3a712f8723a964,,,,,,,,,,,,,,,,
Food,Nutella,75b9f1c5b2a2844e719a53dd245950e5668e9e3817d6388cdbbf15163e4479,,,,,,,,,,,,,,,,
Food,Orange,9fd0e330a688d8bb9519befe1bfc34337b371ac75150216fdd03959eb7b44,,,,,,,,,,,,,,,,
Food,Pancakes,3ab467ec7cbf6823a48d45468d19d188a032a41445858aee52f35be072cf96d6,,,,,,,,,,,,,,,,
Food,Pancakes with Syrup,e58c09da32fd3f4187df7357dad87d69327e723de48716c804ca5d737168bb6a,,,,,,,,,,,,,,,,
Food,Pear,50ae75c2798984db8b83916a5facaee5e611bdcc09b0a82e44966217621e40f8,,,,,,,,,,,,,,,,
Food,Pie,3418c6b0a29fc1fe791c89774d828ff63d2a9fa6c83373ef3aa47bf3eb79,,,,,,,,,,,,,,,,
Food,Pizza,21d9d2301c60d5cd8949da664fd5c63bd5e5713116183b66318a1fc99ab0b1e4,,,,,,,,,,,,,,,,
Food,Popcorn,18ebcdeba1cf65bd5f815276b4a46f37ba6bca85673c34d4dd97761fc628c2c2,,,,,,,,,,,,,,,,
Food,Potato,cf4624ebf7d419a11e43ed0c2038d32cd09ad1d7a6c6e20f6339cbcfe386fd1c,,,,,,,,,,,,,,,,
Food,Roast Chicken,fb7f8ae390ec59b717d56914b45b9664fc4cb8a28ee273be143e8fdcfc632706,,,,,,,,,,,,,,,,
Food,Salad,65099c0b4991e3cfa991bbc85be6d8ea2f9fbbd89f8e59ae2fcb3fdc03342e79,,,,,,,,,,,,,,,,
Food,Sandwich,15fafd8972b6b7690fb131dc3f917c5599938f87b584c2f5e7d40a0de41e52f,,,,,,,,,,,,,,,,
Food,Starbucks,d8f23f446c85dd337ad92962bc869e31a7a8d5cea48daad414e643dfbf27776,,,,,,,,,,,,,,,,
Food,Strawberry,cbc826aaafb8dbf67881e68944414f13985064a3f8f044d8edfb4443e76ba,,,,,,,,,,,,,,,,
Food,Sushi,a5c63312bb42986751460121cd3e1e7675640d9d81775f413bddb389fbb27bb,,,,,,,,,,,,,,,,
Food,Taco,a6296be9dcfe5e2da040852958c205c4f4386c2d8aab46167a6f41ceeb2ef3e6,,,,,,,,,,,,,,,,
Food,Tea,d8e94ddd769a5bea748376b4ec7383fd36d267894d7c3bee011e8e4f5fcd7,,,,,,,,,,,,,,,,
Food,Waffles,f52c3fd0fac64b934c134a06e684fb0472a158aaf679953227e478af2f800458,,,,,,,,,,,,,,,,
Food,Watermelon,74114e2c17ed202309863b5f64e3d18b86ccf9ca3dbbea2b934ad6a5aaaf9d83,,,,,,,,,,,,,,,,
Miscellaneous,Basketball,edf84715a64dc45586f7a6079f8e49a9477c0fe96589b4cfd71cba32254ac8,,,,,,,,,,,,,,,,
Miscellaneous,Bus Stop,c34e5c3fe8410090acd66dd6b21df8c4eb2f8c54cecb77b2ca549c87c86ef8a2,,,,,,,,,,,,,,,,
Miscellaneous,Dead End,e6367de83e492cbd30348ced946f236c1572db027ff5f2343a0949e8b56f57e5,,,,,,,,,,,,,,,,
Miscellaneous,Eye,8bd6a117d8ac7e0719dab8ba7a3cdaf20cd0c9d3bb34978fcd0dec1965b8a73f,,,,,,,,,,,,,,,,
Miscellaneous,Fancy Cube,4fa1ef47daecfbda7e5505a1ba657926f621247c8761cd46c907736661bbe,,,,,,,,,,,,,,,,
Miscellaneous,Fancy Cube,b3f293ebd0911bb8133e75802890997e82854915df5d88f115de1deba628164,,,,,,,,,,,,,,,,
Miscellaneous,Football,53c5810b9754d2e277e551f6a8e6ac9b13ec7fa6dc000b3eada5c486e1cd99f5,,,,,,,,,,,,,,,,
Miscellaneous,Globe,b1dd4fe4a429abd665dfdb3e21321d6efa6a6b5e7b956db9c5d59c9efab25,,,,,,,,,,,,,,,,
Miscellaneous,Highway Sign,39a0bcaa696ed8d7f40ef1d84ef477f235a7af5c767e00124c49aa80a585d46f,,,,,,,,,,,,,,,,
Miscellaneous,Hospital,2528cf6fab8ae7effb51cd3ac42d2ee27504e44002fa4f629a45090fa167a478,,,,,,,,,,,,,,,,
Miscellaneous,Mac,cc3d95f0f5efc4ae1ed85ebcf3576e7905eebbf738b7790366ae73a9c902a,,,,,,,,,,,,,,,,
Miscellaneous,Mobs,39f0bf243d84dd7be622f3a9cee34c55236648586ab7edf33a8d65ac0d6d92f,,,,,,,,,,,,,,,,
Miscellaneous,No Entry,6f04b292ad948c0e9f0d33c64f131f32e3c5188456f778745a00f2b4b5ad0359,,,,,,,,,,,,,,,,
Miscellaneous,Orange Scatter,b94181802c19e2812f53f56cf349f5dda27e6d0b0139da49c70cbe27bf8e0a,,,,,,,,,,,,,,,,
Miscellaneous,Rainbow Cube,41fe27a13c5fc17515cae695852716326b2b5df47d8d6b95a789ae38cac7b1,,,,,,,,,,,,,,,,
Miscellaneous,Speed Limit 10,eeb225b48be643c568e648e31cc11da660e021b9861b18cd1907bea7ebe,,,,,,,,,,,,,,,,
Miscellaneous,Speed Limit 15,1d79a625c56cf02295ae102ff846153f8b06377c48b9618183eb4ac4078f915,,,,,,,,,,,,,,,,
Miscellaneous,Speed Limit 20,e43cd7d2598b80bccbdd5a27f02e113dc914f54352efeffe8fd7bee19f4851a6,,,,,,,,,,,,,,,,
Miscellaneous,Speed Limit 25,a17dd277b69c51f0bb8ebe4140729d4d4c5ef7985ccc7f4dacaba915131797,,,,,,,,,,,,,,,,
Miscellaneous,Speed Limit 30,6aae877a82307a52fa46ade3333e81c7963ce5d89bfaabc67934a6186caa95,,,,,,,,,,,,,,,,
Miscellaneous,Speed Limit 5,12b219a41c4d655e29a56c48ff84cc88335b518451861c2f3a32b4f34e1382,,,,,,,,,,,,,,,,
Miscellaneous,White Scatter,414880d3c239c3a9a86a81459ed1cc3ca116ba53263ef154555aa0a4a9781ebd,,,,,,,,,,,,,,,,
Miscellaneous,Dead End,d0f9f5514c1caf82a3ff62e39bdfb59296d4cae040ec6fc8485bf5ed47a0ca43,,,,,,,,,,,,,,,,
Miscellaneous,No Entry,4d724eb2589130c105f9f03602e48bdb6a84b38e2354ca91904e4dddcf149b2,,,,,,,,,,,,,,,,
Miscellaneous,Right of Way,41506f8499d4de86b701b1bbc89d9654f82c38460c41c4f25a379481f7cbf7e8,,,,,,,,,,,,,,,,
Miscellaneous,No Stopping,545e7704803ae280913400b3edcfbeffafb454c9bbdf94e230c3bf714baadcac,,,,,,,,,,,,,,,,
Miscellaneous,Apple,8cf811fa109cde629c712ccd3fc9289e678a5e18894f488c074448e48d852,,,,,,,,Logos,,,,,,,,
Miscellaneous,Comment,eaa6285ab90e6ba98cfdff42f7e67537c844f33bcccbd81aa6d6c06cb281a797,,,,,,,,,,,,,,,,
Miscellaneous,Contacts,6ebbbdba372963c9d6d3328c29bf123ae09d30ce7ba3a057ced606c1c8028b7b,,,,,,,,,,,,,,,,
Miscellaneous,Discord,3664e54e76287e3fe2bd397c098ee7a4bd0f9c88f939fde8bab78c3271a4618f,,,,,,,,,,,,,,,,
Miscellaneous,Facebook,deb46126904463f07ecfc972aaa37373a22359b5ba271821b689cd5367f75762,,,,,,,,,,,,,,,,
Miscellaneous,Google Chrome,624f543b17a71dff1fbfc5aabcb02e4e65aa2c1f505c7bd1d7adf667db689b8f,,,,,,,,,,,,,,,,
Miscellaneous,Instagram,25b3f2cfa0739c4e828316f39f90b05bc1f4ed27b1e35888511f558d4675,,,,,,,,,,,,,,,,
Miscellaneous,Like,e03ccf028c61c2dff4437578ce71e1550478185b54fc94c5927f0f06f966273a,,,,,,,,,,,,,,,,
Miscellaneous,McDonalds,5af9963c3e2d5dae660ccce839ecac9db9b1a2c75755b7fe2cc1cdb8c12252,,,,,,,,,,,,,,,,
Miscellaneous,Messages,8ae7bf4522b03dfcc866513363eaa9046fddfd4aa6f1f0889f03c1e6216e0ea0,,,,,,,,,,,,,,,,
Miscellaneous,Microsoft,eebcf1cbdf85bc27abbfba15b49902b5017cdbee3376d7621ac302e72dc8b7d,,,,,,,,,,,,,,,,
Miscellaneous,Netflix,463ad8cbf68a842c341c9ccc3433b443f03f77b0de2648bcc93c4c47a806d,,,,,,,,,,,,,,,,
Miscellaneous,PayPal,d4dcfcfaf770e563c0cfdcd306a185ea9423fe169ccacea6b9037f233a2bf5c,,,,,,,,,,,,,,,,
Miscellaneous,Snapchat,b5f6efb376eeb68d81449f45430930af608939557c63e58192d787223bd2d49f,,,,,,,,,,,,,,,,
Miscellaneous,Spotify,fe792d38e4168d26de7783984cafffc60b48838d81f2296076fe14dedd6,,,,,,,,,,,,,,,,
Miscellaneous,TikTok,bcf2105bb737638833033dd8244071e75870e2e11c2617e542e8924fb2b90180,,,,,,,,,,,,,,,,
Miscellaneous,Twitter,cc745a06f537aea80505559149ea16bd4a84d4491f12226818c3881c08e860fc,,,,,,,,,,,,,,,,
Miscellaneous,Upload,3c051ad994b2ea1be9df3dbc4bb6254ebd96201c7946d08ae1eac42141c0c17a,,,,,,,,,,,,,,,,
Miscellaneous,WinRar,e87031c4726ddedd65b6a11d3147e6724defbb290da29cbb79da2490546cbf,,,,,,,,,,,,,,,,
Miscellaneous,YouTube,51451e5f85f8bf7472f6e6d19b7ddd8fae399e09911f21bce7f97131b42a5a57,,,,,,,,,,,,,,,,
Mobs,Black Cat,4fd10c8e75f67398c47587d25fc146f311c053cc5d0aeab8790bce36ee88f5f8,,,,,,,,,,,,,,,,
Mobs,Blaze,b78ef2e4cf2c41a2d14bfde9caff10219f5b1bf5b35a49eb51c6467882cb5f0,,,,,,,,,,,,,,,,
Mobs,Cave Spider,53d18dad0bd90f02ac08754a75358b1c27da579b3ca35b69e6bb10a7a5c2dbda,,,,,,,,,,,,,,,,
Mobs,Chicken,1638469a599ceef7207537603248a9ab11ff591fd378bea4735b346a7fae893,,,,,,,,,,,,,,,,
Mobs,Cow,7dfa0ac37baba2aa290e4faee419a613cd6117fa568e709d90374753c032dcb0,,,,,,,,,,,,,,,,
Mobs,Creeper,831ba39a16ca442cab935040ddc726edad9dd276ecfaf6fee9976768bb276bc0,,,,,,,,,,,,,,,,
Mobs,Enderman,96c0b36d53fff69a49c7d6f3932f2b0fe948e032226d5e8045ec58408a36e951,,,,,,,,,,,,,,,,
Mobs,Ghast,7a8b714d32d7f6cf8b37e221b758b9c599ff76667c7cd45bbc49c5ef19858646,,,,,,,,,,,,,,,,
Mobs,Guardian,495290e090c238832bd7860fc033948c4d031353533ac8f67098823b7f667f1c,,,,,,,,,,,,,,,,
Mobs,Herobrine,98b7ca3c7d314a61abed8fc18d797fc30b6efc8445425c4e250997e52e6cb,,,,,,,,,,,,,,,,
Mobs,Iron Golem,89091d79ea0f59ef7ef94d7bba6e5f17f2f7d4572c44f90f76c4819a714,,,,,,,,,,,,,,,,
Mobs,Magma Cube,38957d5023c937c4c41aa2412d43410bda23cf79a9f6ab36b76fef2d7c429,,,,,,,,,,,,,,,,
Mobs,Mooshroom,2b52841f2fd589e0bc84cbabf9e1c27cb70cac98f8d6b3dd065e55a4dcb70d77,,,,,,,,,,,,,,,,
Mobs,Ocelot,e012b68d7475779e15a6c20545b1579aaff484b7ab8c195ada8441d84082dbbd,,,,,,,,,,,,,,,,
Mobs,Orange Cat,2113dbd3c6a078a17b4edb78ce07d836c38dace5027d4b0a83fd60e7ca7a0fcb,,,,,,,,,,,,,,,,
Mobs,Pig,621668ef7cb79dd9c22ce3d1f3f4cb6e2559893b6df4a469514e667c16aa4,,,,,,,,,,,,,,,,
Mobs,Skull,1ae3855f952cd4a03c148a946e3f812a5955ad35cbcb52627ea4acd47d3081,,,,,,,,,,,,,,,,
Mobs,Slime,895aeec6b842ada8669f846d65bc49762597824ab944f22f45bf3bbb941abe6c,,,,,,,,,,,,,,,,
Mobs,Spider,7388173f4f82a14153e086bf137907256e512b21731f0470047bf2d453545d21,,,,,,,,,,,,,,,,
Mobs,Squid,b7d64858839718149d5dac899ff97bfb5865af75051de6051ed309d40ca71ce,,,,,,,,,,,,,,,,
Mobs,Villager,41b830eb4082acec836bc835e40a11282bb51193315f91184337e8d3555583,,,,,,,,,,,,,,,,
Mobs,Wither,ee280cefe946911ea90e87ded1b3e18330c63a23af5129dfcfe9a8e166588041,,,,,,,,,,,,,,,,
Mobs,Wither Skeleton,f5ec964645a8efac76be2f160d7c9956362f32b6517390c59c3085034f050cff,,,,,,,,,,,,,,,,
Mobs,Wolf,69d1d3113ec43ac2961dd59f28175fb4718873c6c448dfca8722317d67,,,,,,,,,,,,,,,,
Mobs,Zombie Horse,f896a1dbde1a19540ce7336c6c94f59652aa98bb1068b2ef8c8fa6ef85804f57,,,,,,,,,,,,,,,,
Mobs,Zombie Pigman,7eabaecc5fae5a8a49c8863ff4831aaa284198f1a2398890c765e0a8de18da8c,,,,,,,,,,,,,,,,
Mobs,Zombie Villager,c45c11e0327035649ca0600ef938900e25fd1e38017422bc9740e4cda2cba892,,,,,,,,,,,,,,,,
People,Anonymous,4409f441c3142e0a2c1b8b35e6678cf436d1e0dbf6b5cdea7b5aa77cf9d537c0,,,,,Misc,,,,,,,,,,,
People,Astronaut,32aa62ad0553e4b1cf03581ab673a1e98721d1d307703c10fd617f9a04b8e461,,,,,,,,,,,,,,,,
People,Baby,6730f6bcdf04aefb256f1f9e2303099bba63624bd0f645f124cb4c4e283dcdac,,,,,,,,,,,,,,,,
People,Baby,9deab626b120c111c40f4a2dde0deb6897db22cdd95416621d9f3c5d261ed39a,,,,,,,,,,,,,,,,
People,Boy,6cbc136f5adcfbba7e25f318217ced31a524c5c2185bf5a6f3eba7beb5d8a706,,,,,,,,,,,,,,,,
People,Boy,a0202ed86045bfd659b0586eccd16ec0848f3349495d74449bbebcfe9e541012,,,,,,,,,,,,,,,,
People,Boy,efa2e8f6866b77f119c26f1ff6775d279e07b13d9bc2edec36b3a8dc59bcc98f,,,,,,,,,,,,,,,,
People,Boy,dc12247d539812fc9314df45ef029ec6f79d9d5b7a9ad2669d57b54b3004ccee,,,,,,,,,,,,,,,,
People,Boy,5bb5b402a1c4657168b7be2840e9d21365a00f3da5f0346c1ed193820c50192,,,,,,,,,,,,,,,,
People,Builder,5402c625dc041a1a418aa6e51470c203f030ffd631a47aae40159b089c926d55,,,,,,,,,,,,,,,,
People,Captain,1cffdbb1bc3d20bb822cceae3bb88d7acd516710f27cc49cf94d42d3899edf05,,,,,,,,,,,,,,,,
People,Chef,60f5cb80ab679c3804e8295ed09d456ed8c9220b31428ee48b56580ce62ea31,,,,,,,,,,,,,,,,
People,Clown,2d0bba39b8c5004497cb3ab60379c0935ff4da3f67463d426be4321ded3b38d7,,,,,,,,,,,,,,,,
People,Diver,c0ef251c921fd0df8344cb88f5b703eb1353cdac78b3590a31727bc218795427,,,,,,,,,,,,,,,,
People,Eskimo,bf4d1a75c6960e6407ef0a53552ba3955824469f2ab902790415ef7b444dce45,,,,,,,,,,,,,,,,
People,Farmer,64352b979a489dfc8ba7b1e1259763843d772f39f1420f8672537aa7522dc1bf,,,,,,,,,,,,,,,,
People,Gamer,c022fdbf85bd8e5d2a816471bdf55ae364e1071837f334aabd3054230c0eec24,,,,,,,,,,,,,,,,
People,Girl,e2ec132830317bbfae3848e1617931a6bf063f7ecfbbbeb6c349e9a3a118012b,,,,,,,,,,,,,,,,
People,Girl,21b9397831e1d68da7f83821bbb676db06d4d83561996b457fddcd24b7e11,,,,,,,,,,,,,,,,
People,Girl,7ae58192c87f2de727998ce6a7b4a983127a2ad0da7e4ed7efc1be44a2148a1d,,,,,,,,,,,,,,,,
People,Girl,bbd89856ff361cac668090b9c4c82ead79a1badee2981ed2670bd659dbace,,,,,,,,,,,,,,,,
People,Halo,103953d12d9de1b32d78e187dee66a7dbf578de1a6361d4d9df15456745bc330,,,,,,,,,,,,,,,,
People,Hazmat Suit,a2036fba50e9d55f68ef4e2febb6615313b3e02a889556770d0fb7f12a05b290,,,,,,,,,,,,,,,,
People,Helmet,ed776a4325f3befd3a8724f3cee8759e6a560280bf190348a88df52ed3b82553,,,,,,,,,,,,,,,,
People,Keanu Reaves,86e395dd7139cafa5fe2fc1452fdde60613b30fdc8afca8c1b71a6b490e757e0,,,,,,,,,,,,,,,,
People,King,61231cb9b3941cdab98f762bd12ea6ce9d7913044710b8875562296b4184940,,,,,,,,,,,,,,,,
People,Knight,8044071145ae31c2424cbdd4c808b67eccb94375e818748a2fbdd1b6689c2311,,,,,,,,,,,,,,,,
People,Knight,dd7c2e79f00c05cfce563ce3db3a46461fc49318a2f3365481c6c1f8fd3db37c,,,,,,,,,,,,,,,,
People,Man,a7225e87b1d8577c942cdec37ba0a5c9775811d860822486f46778bba79a74a3,,,,,,,,,,,,,,,,
People,Man,1c836489f12884fa385d327abdb73e1c70657afd205f12c274268f55d9335da0,,,,,,,,,,,,,,,,
People,Man,b0dc439e81917107645586c238734d85790eaefa5b1290371794d34a6f264c,,,,,,,,,,,,,,,,
People,Man,a93df5fd98758cc65484ad1e0d447aa67c255f197f95a18c7b4bcefc9d46,,,,,,,,,,,,,,,,
People,Man,46d6601240a9edb8a65f6fe434e36bfb783ab184af97979a9413e24b53de59,,,,,,,,,,,,,,,,
People,Mario,128d38c6c7f8f042b1de3af99be260d7d780ddd9d1b9cb58db8f523575084e0f,,,,,,,,,,,,,,,,
People,McDonalds Employee,f2af9da7bba6bed80432e9cf80ca6b717b0aa4944880ebedd8157598b05da4f2,,,,,,,,,,,,,,,,
People,Mexican Man,1f06f371310e21787b8ce4b13eb95bea8f5a9d8b82ecbb438bc771e8eac1d7b5,,,,,,,,,,,,,,,,
People,Michael Jackson,56268a96a3a9b2155a0ff58ad6721b424fc9090619324f945f011aed8a83dd25,,,,,,,,,,,,,,,,
People,Nerd,2cd3f0f3b07e0fef0d866d718406dc2e635e0972e7c27c8d404beb7debd790a7,,,,,,,,,,,,,,,,
People,Old Man,68f2fe51e875898a1fe6d32b9d31ee277b9e1fa8fcad9866ecbeffcd2044b5a7,,,,,,,,,,,,,,,,
People,Old Man,903f9ee5d94dcd5fdaf6b28855a4c3c25c678a1d4be30b429394bd9ad33a472,,,,,,,,,,,,,,,,
People,PewDiePie,d270c5e3f0361850f89cd12854c32168eda35beedbe461b6de2c3e6479e1564d,,,,,,,,,,,,,,,,
People,Pharoh,eccb28c5c0664a2b1f2e535a327e66598eb722512a004c74332b64b60e1c684b,,,,,,,,,,,,,,,,
People,Prince,d1f822c4a340b0fc1ff4084adf322d2f221c7a4f7d9e558298b1ef39d7083334,,,,,,,,,,,,,,,,
People,Pringles Man,72e302a5b4076d59d569a78a9ebe410a24f7302be8e9c9279db0451ecea44,,,,,,,,,,,,,,,,
People,Rastaman,a7eacf88beeaf1ec5cf9fec44d57487caeef6b10db72ef16fdbd45d14b7e6474,,,,,,,,,,,,,,,,
People,Robin Hood,e7f15e2ddda5c4b654353fe0230faa4e96250fdc2809a849e1ffd020fc7e3fa3,,,,,,,,,,,,,,,,
People,Roman Soldier,fffaf81199dff019c4e502a36902d00c0a83b5179a626aa8c75c316b2c3bd888,,,,,,,,,,,,,,,,
People,Scrooge,8713d60a74fef828b1a33af5d74f53175c0d30f0ebbb1ef5db4caeb8e9aaa614,,,,,,,,,,,,,,,,
People,Sheik,9ffd37c3b3010da2661677413bc12ac205782c72a2eb110e8d8d3b2ef2ecb9d9,,,,,,,,,,,,,,,,
People,Woman,d9852cd8be7dffa7aaa69ef3dcd72c0859b9ed0d7eb732d99ae2849979d90457,,,,,,,,,,,,,,,,
People,Woman,75a53f234c2716692e10fbb85422c365ebc45eb7e45beac767709a3d16,,,,,,,,,,,,,,,,
People,Woman,fa5a9f20be999372ce81052a16dfae1b945edf1359a5742be114ec7b2c98e1,,,,,,,,,,,,,,,,
People,Woman,2955d4c6a26a3fcdb853a4e86f6867b953c824ca7c8be13d42ff844343053be,,,,,,,,,,,,,,,,
People,Woman,c844af804ea88d58597f144c24e42e086ebfad5b521364de352765e97d88748,,,,,,,,,,,,,,,,
People,Woman,14ed937a22bde7dee14ccfafd5b5f128417cd8d51d2a765a598beba3258888,,,,,,,,,,,,,,,,
People,Admiral Ackbar,ecf6eab222da49795763c2d69cc824818f193f5eee4fdf0d34b6cb1ee9235a3,,,,,,,,Star Wars,,,,,,,,
People,Anakin Skywalker,d6dd1e716124c4f4c4eb308365bf3a48e52981b95dee445ab6e5784b7d4f9fc,,,,,,,,,,,,,,,,
People,BB-8,42d271f82674916dcb47b372a572f61e7472fe063b2c9246aeeb7c57a8835,,,,,,,,,,,,,,,,
People,Boba Fett,ec18a8a1c7e215e0d9f6a9595933986ff94d6c171e11628de45cff40f3e0b3,,,,,,,,,,,,,,,,
People,C-3PO,9fec991891f4143d40f013b98dc38dc53ed14ca75ebd32866efb126a32842a1,,,,,,,,,,,,,,,,
People,Count Dooku,7769d4b4e493f2fa6ad59251bb2efdc032fc89aa794e23a1b522d5bc98de,,,,,,,,,,,,,,,,
People,Darth Maul,a8fcc6c19ce24171369142d4869c19beb6682f032ecfba398deab65c1c46eb4,,,,,,,,,,,,,,,,
People,Darth Vader,c1c3e1f224b446ccac6a6cc3cd9891019a122f99691c3907992a3af99a21b0,,,,,,,,,,,,,,,,
People,Emperor Palpatine,3134cf0f4c0f2f931fdd0f5eb5262c0688e2ec917bcbe2e81000903d1186afaa,,,,,,,,,,,,,,,,
People,Ewok,e72261908adae6feb373e65a24ec12ff2f2130aa16342973f0bf8e71bc45167,,,,,,,,,,,,,,,,
People,First Order Storm Trooper,bbc1354ea76adfb93c60ccecbca85935c28828e89688c10681ac8a26862fb8,,,,,,,,,,,,,,,,
People,General Grievous,f2f5ff8161d451d6e2e7e186cb46a644414dd1e44437cd7a5f4f417bf936197,,,,,,,,,,,,,,,,
People,General Hux,598d7b285d8e34af41d3a6754fbc7a77cff6e63faa730532358371929791,,,,,,,,,,,,,,,,
People,Greedo,e5ba707a9d7414757d417ec245178f8a5145a367a50ab35fd3eb25f8260f2,,,,,,,,,,,,,,,,
People,Han Solo,df64bc927d5a7cc4ce33455993f3f9367a0cbfee5822d5529f2d8475411f3,,,,,,,,,,,,,,,,
People,Jabba the Hutt,922593f3889257fd5af9b39d0af988bbd30ed94db1acb466422264b6c3344,,,,,,,,,,,,,,,,
People,Jar Jar Binks,b3381afb6e53adee4c26b714b9f4ed6897e66614ea63248abe158af5f7b2942,,,,,,,,,,,,,,,,
People,Kylo Ren,4dd3fd3e9d1ac29b73ffc881ab619558e7fcf885a86b9237406d38a525111582,,,,,,,,,,,,,,,,
People,Princess Leia,bfbb06fd1a356db056118a6c4371743abd7adcd4ff961544b0f53357f9b762,,,,,,,,,,,,,,,,
People,Obi-Wan Kenobi,201cfd31ea706ea41b25be3d95e1c76dfc7152fd56bafa837351e17aa4fd,,,,,,,,,,,,,,,,
People,R2-D2,97a0e5bfe32f1619c6891594fb9c3b274c38e47cd01b7aafc5c4eebe3f2982a4,,,,,,,,,,,,,,,,
People,Rebel Pilot,7d14e252ca4a343882c3b05bbcfb8fc837d2de9db41dc537113b732098,,,,,,,,,,,,,,,,
People,Rebel Trooper,41ba80fded37ae567b426588ff234b5953d01ab2366c04552cb695d9989d4d,,,,,,,,,,,,,,,,
People,Scout Trooper,6972abe82ca65537227e76cf91377c5cb4145c79fb2480252f5f38ddee5e7850,,,,,,,,,,,,,,,,
People,Snoke,5180b374afcfbd6f54d74151014a487eab747dfd56e7c564153752f2cc9217d,,,,,,,,,,,,,,,,
People,Storm Trooper,7cbfb0c0ffcd265d374633b371c4ca21dfe3f6999c56eb7bbed462b9a5daeba,,,,,,,,,,,,,,,,
People,Yoda,a81ed9f68aa8a105dd53f4d5889e5866215a5de9a9f6441f852162949752ff,,,,,,,,,,,,,,,,
People,Baby Yoda,e9cb37294e068a8268437d24fbd4ee4d7a0ddd8cf9c38d166e85610afef3124,,,,,,,,,,,,,,,,
People,Antman,c08e2776842bdfd6fa3ba7d654f6fd6ab1acd8784753dfe2e8c499bcfd1eed,,,,,,,,Marvel,,,,,,,,
People,Black Panther,b596f1b28fb588328fb157d18f65ff076f9a170cc2c85208890e7505d835cdb,,,,,,,,,,,,,,,,
People,Captain America,a7a7dfa616be8043bfca613a989e4116552d4784611abd36444ef9929bb422,,,,,,,,,,,,,,,,
People,Doctor Strange,7b1d2dee9dfd2914d3e73db5c82ed65c2791be1543504cdbdbdd6b195287f,,,,,,,,,,,,,,,,
People,Hulk,3cdcc232ca4bcc4282eccd7ec2584881681a5fa4dedbd5e4ba2b8b47f369de,,,,,,,,,,,,,,,,
People,Iron Man,13f1d1a16061485bb00cbf261754f82eef8dbb3c407f5545f20b576dc40b07a9,,,,,,,,,,,,,,,,
People,Nick Fury,d9a48863017e4fff2bbccdf2c053acb7bdc7cabc382ec8b6db5826480ec9a,,,,,,,,,,,,,,,,
People,Spiderman,88daf54ac8c061a8332697fd038b9f3af8ec38d16849e527125d2973de62e9b,,,,,,,,,,,,,,,,
People,Thanos,5002625c7e06da63d43e19d107bdcc0628fd1db2488451556c6b1e630f722721,,,,,,,,,,,,,,,,
People,Thor,3da0bcc1b2c889ff5a4ab83978e3482e62b54726aaa24fd599626e2f5211ee,,,,,,,,,,,,,,,,
People,Ultron,3ed6fd87efc6ec3eb83603892cb6aeb33c1621436ec2d532569848c53112ed,,,,,,,,,,,,,,,,
People,Aquaman,d7d686ba53b312e832424a77e6d916aba30a373471573d4fe4342b8bbe0ac,,,,,,,,DC,,,,,,,,
People,Bane,56517bf63d9918cb4cb372202e627a2536f69d396dd1cfd47191ce79de1985a,,,,,,,,,,,,,,,,
People,Batman,f5fa8de95f57f3a695113761e4317dfd8abe121aa85b023db214ed4fa2f8c,,,,,,,,,,,,,,,,
People,Deathstroke,eaf2cd7eff73d40fff2bf44aeb80a8b91ff9db60958d692b94ca11b1cd157f78,,,,,,,,,,,,,,,,
People,Green Arrow,f2bbf81a04e3bce2639224ec79576c54c7bb9dc6d772850655d1f9cbdadab24,,,,,,,,,,,,,,,,
People,Green Lantern,2dd6cc4a4eed14e4a5890577078c600cc953012c273267f7e23ec708891ce313,,,,,,,,,,,,,,,,
People,Joker,5e1d583c6455d55158448846b17f8bb2c25a9a59596b8ddf543ac4831beb0fa3,,,,,,,,,,,,,,,,
People,Reverse Flash,13f83c8b89218ac047485b58e75341cd921aa63987cc96b7ce601306b626d2ce,,,,,,,,,,,,,,,,
People,The Flash,155385a11bba1da62b86a92b3b2f0618f3a96596fdaa89c4688971a620ba,,,,,,,,,,,,,,,,
People,Wonder Woman,e8e8df9f404addc2917d681cf6b18fde1d20f2c1aa32f67d5769861ee8040,,,,,,,,,,,,,,,,
Technology,Alexa,4322d1d2cbf82dd0b2012cda730c95cddd2e1229eaa621a5a49b174301aea723,,,,,,,,,,,,,,,,
Technology,Binoculars,c0ee966123001f7e7889e046b38e9d216b86b40ead2b14f064994dc783000cff,,,,,,,,,,,,,,,,
Technology,Blender,9dd666e82f509a20b39fa5e5d64365eac52b7676b35cc970808b67b94ac382,,,,,,,,,,,,,,,,
Technology,Blue Siren,15742475ee5ad5bef398bb41943a515dcaa77dcd72228b519ef69c3aa86c4,,,,,,,,,,,,,,,,
Technology,Camcorder,6f63127b8ab6df7ebf983b7317f76d312343d1c27711f4df3e9795d7efdb3fb7,,,,,,,,,,,,,,,,
Technology,Camera,eb28f4eeff891b78d51f75d8722c628484ba49df9c9f2371898c26967386,,,,,,,,,,,,,,,,
Technology,Clock,b86b9d58bcd1a555f93e7d8659159cfd25b8dd6e9bce1e973822824291862,,,,,,,,,,,,,,,,
Technology,Coffee Maker,52af5f4878a4752358fff45277d331d86fc626ed6d1be4798e10247c78f1fd50,,,,,,,,,,,,,,,,
Technology,Compressor,e48337f7ede15c3b2f8dc6a63bd92874cdf74ec862b4118c7e35559ce8b4d,,,,,,,,,,,,,,,,
Technology,Computer,383b822cf2e5014c201817e7f6fe11b06cc231ce15a0a6b7d7d863132e632ac4,,,,,,,,,,,,,,,,
Technology,Computer,9d5a09ff05eef88a051c91a7cec47b93e598186e0b3e898856ad82df0da9dd56,,,,,,,,,,,,,,,,
Technology,Computer,3d227b34186225b4b2742adccc0c0b85d1945f2aeafc0c1a147d6c6d2b537617,,,,,,,,,,,,,,,,
Technology,GoPro,547cc66c7afb05c2b5fcd5d49c653ba231beea09070c0bb26e5338137d2e757a,,,,,,,,,,,,,,,,
Technology,Keyboard,3052c9b2cf7996dde47bc8d6a38dab38cf46f9e849e59f7da3b05ca06458,,,,,,,,,,,,,,,,
Technology,Keypad,3e2d79612023e270bc89532729bc711f9b8fde0ceacdc59c979e1b4363374f,,,,,,,,,,,,,,,,
Technology,Lampshade,f983fe394f4641a97529f7e4924678a299969173b741d2f2db6833a7e8db8d6,,,,,,,,,,,,,,,,
Technology,Microphone,ccf0a27d246355e4dcbbd7b369d326cfed7aed1ba04e5dd9ba68cdecc4133d33,,,,,,,,,,,,,,,,
Technology,Microwave,3db5182f7d19a03285610c46088959ca2e07755eb72b0ad4df29f86f959888e,,,,,,,,,,,,,,,,
Technology,Monitor,6b0a61a21020ed734546781e21667187e8cef27640614641ff54fbf85d145b70,,,,,,,,,,,,,,,,
Technology,Nintendo NES,15715cef59c2e91916a35fa51ef4f65fc11310a1c1c02a8a2fdf3e7a7c1a6,,,,,,,,,,,,,,,,
Technology,Nintendo Switch,7e03b378e928769cd9f42d66ae2411194e52ed6a90be72202e2008fd5cf2ca81,,,,,,,,,,,,,,,,
Technology,Old Camera,961dfdda71022bfad79eabbfa56a1511647b202ad1136ff97e31a06dbac10ecb,,,,,,,,,,,,,,,,
Technology,Paper Shredder,0d61ab0136c69d7caddd566d2e9bcb35fdc5f9e3ca351e27362abf1374c4e58,,,,,,,,,,,,,,,,
Technology,Parking Meter,67430b890b911a4a08bc9554dadc6e9d7d803608c9a688dea1c725d1d3b13385,,,,,,,,,,,,,,,,
Technology,Pencil Sharpener,49b151ec0abd62402545d01684f78e75f0e0a6233488d7f5442601308fdf9626,,,,,,,,,,,,,,,,
Technology,Popcorn Machine,de8489eddaeab8092ed64e119967b4c53440402e6bbda2d180aab644bb8dd6de,,,,,,,,,,,,,,,,
Technology,Printer,4f3eb89f3fe93ebcbccda9d0a19b640dda71e284eaf497832ff47ad2eac8821,,,,,,,,,,,,,,,,
Technology,PS4,c60b0d6e1cdfd98b637747a9cd5a453b1170d3802d7b17d044b6ce2e4d65a0a0,,,,,,,,,,,,,,,,
Technology,Record Player,cd913bdf199463204bfa35d6fff7181ed5b5e406d2a822d31da7ef3ed359825e,,,,,,,,,,,,,,,,
Technology,Red Siren,71e08d547f992949f013a1e2c7e3cd226ab485e3bc8c0c0c39c15d5b7c9e820,,,,,,,,,,,,,,,,
Technology,Siren,ca35afa58631609791ffe25f3a879dfbffea1151f87bff62c5423ed6136ee0,,,,,,,,,,,,,,,,
Technology,Speaker,53596fd7be6b7463e7d2cc458445e6a0a9a183d8f4cfcc80118ba713a7dd18,,,,,,,,,,,,,,,,
Technology,Sweets Machine,fa4138e010aa6c811e4669153029e0494b6e0683f53bc8ab2b84ce8c6849b702,,,,,,,,,,,,,,,,
Technology,Telephone (Black),33701b2126992e317a790aacd9d6951d878d65b3070cef81e3f00076b6fef0bd,,,,,,,,,,,,,,,,
Technology,Telephone (Blue),16cde2f930341b9c2813f33abbbe512d4b9789091b8d6abbd5a89478f6ef26a3,,,,,,,,,,,,,,,,
Technology,Telephone (Green),8e823f2db1aec0a3b043fda6b7743c6e8f33741cea8fe9f50dcae5a13c723029,,,,,,,,,,,,,,,,
Technology,Telephone (Orange),75a604ec508454f74e0c1d153599c80b42ca835de3f14db94d0f125c4ee259fb,,,,,,,,,,,,,,,,
Technology,Telephone (Red),41dbb51195eca6cf9a28e1ee719662fd7a6496d301f3b55dbd14f90f4cd74,,,,,,,,,,,,,,,,
Technology,Toaster,9308dfebc00ee9c991932ec2c7e2d61091938194cb6bd19b79b1d61cb347b7c,,,,,,,,,,,,,,,,
Technology,Traffic Light,f45c9acea8da71b4f252cd4deb5943f49e7dbc0764274b25a6a6f5875baea3,,,,,,,,Green Traffic Light,,,,,,,,
Technology,Traffic Light,7440123e50d4b3d8a2a8b3581ef483fe3335ff57cfac15a21cbced2ac2cfe4,,,,,,,,Yellow Traffic Light,,,,,,,,
Technology,Traffic Light,ad5fcd31287d63e7826ea760a7ed154f685dfdc7f3465732a96e619b2e1347,,,,,,,,Red Traffic Light,,,,,,,,
Technology,Traffic Light,f986b3f5ebf415a3c418781489bf55be5d5d275a5bafd1deaec2da63b0f0,,,,,,,,Grey Traffic Light,,,,,,,,
Technology,Traffic Light,f35214fe26e2e0e0bc302205fc7b9eba69d6eb79a215e8467949394ff5fb3f05,,,,,,,,Green Yellow Traffic Light,,,,,,,,
Technology,Traffic Light,606f1a0e2d2d771c801052a4ceab04453d9e705b8fb25683d6a3c9e34e72217d,,,,,,,,Yellow Yellow Traffic Light,,,,,,,,
Technology,Traffic Light,41bc50d52a2a2cda812031d117f5fd09f8f00deea26718ff15f512317b8368f6,,,,,,,,Red Yellow Traffic Light,,,,,,,,
Technology,Traffic Light,643a3123a84341c22c96b3ad6fcbb65faba39840fcdb1dee4093345ce980cbad,,,,,,,,Grey Yellow Traffic Light,,,,,,,,
Technology,TV,44e91a6b565ef386bce57e87aecec180b9f2de89f76b14658a9184ef1148e7,,,,,,,,,,,,,,,,
Technology,Typewriter,ce152da2a711e6efaad824c369481ed47499fcd9cfac1e4cad70345da4c3241,,,,,,,,,,,,,,,,
Technology,Walkie Talkie,7243bebf61cc5c4ae45387521fc37fead106cd0be780115b8ae790af8db8b3c0,,,,,,,,,,,,,,,,
Technology,Warning Lamp,9f446a8f9284c62cf8d491fbdb338fd39ebbebe35e959c2fc4f786c67522efb,,,,,,,,,,,,,,,,
Technology,Wii,b63a3959c259671f2db33e55422cb9d366fbb4a24291e5fee5ec53fdb15f43fe,,,,,,,,,,,,,,,,
Technology,Xbox,cd49b44ec0947c2231e8f879ebaa89d55293a87219a61b6a5cfddd883bb77,,,,,,,,,,,,,,,,
